Date,Closing Price,Open,High,Low
2020-04-21,0.0019813896,0.001986862,0.0020018072,0.0019275614
2020-04-22,0.002007836,0.0019791676,0.0020377436,0.0019359898
2020-04-23,0.0020575529,0.0020079747,0.0021615836,0.0019810945
2020-04-24,0.0020593744,0.0020563357,0.0021160641,0.0020195957
2020-04-25,0.0021247625,0.0020592668,0.0021712743,0.002037948
2020-04-26,0.0024321389,0.002124764,0.0024484065,0.0021081396
2020-04-27,0.0023509211,0.0024321571,0.0024412087,0.0022702549
2020-04-28,0.0023271481,0.0023528888,0.0023860434,0.0022717773
2020-04-29,0.0025254971,0.0023272357,0.0025717596,0.0022763836
2020-04-30,0.002456348,0.002525426,0.0027050737,0.0023639183
2020-05-01,0.0025014818,0.0024563953,0.0025763225,0.0024205757
2020-05-02,0.0025437812,0.0025015124,0.0025801236,0.0024197805
2020-05-03,0.0025138632,0.0025302834,0.0026293617,0.0024627823
2020-05-04,0.0024359059,0.002513867,0.0025457429,0.0023353626
2020-05-05,0.0024931876,0.0024359834,0.0025255631,0.002404341
2020-05-06,0.0025615938,0.0024931317,0.0025829344,0.002442898
2020-05-07,0.002603887,0.0025614946,0.0027280559,0.0024625978
2020-05-08,0.0026098795,0.0026039079,0.0026840074,0.002567629
2020-05-09,0.0026379129,0.0026107919,0.0026648416,0.0025393077
2020-05-10,0.0024642395,0.0026293562,0.0026485417,0.0022302259
2020-05-11,0.0024106975,0.0024654793,0.002554278,0.002288029
2020-05-12,0.0024261877,0.0024107868,0.0025611521,0.0023570215
2020-05-13,0.0025235296,0.0024250076,0.0025769219,0.0024140927
2020-05-14,0.0026010916,0.0025235656,0.0026897995,0.0025044843
2020-05-15,0.0024934797,0.0026010917,0.002617169,0.0024520988
2020-05-16,0.00249137,0.0024935447,0.0025483082,0.0024544303
2020-05-17,0.0025588357,0.0024908531,0.0026048109,0.002480512
2020-05-18,0.0025696757,0.0025579286,0.0026162236,0.0024997107
2020-05-19,0.0025379437,0.0025693741,0.0026146113,0.0024824077
2020-05-20,0.002529521,0.0025379099,0.002598088,0.0024525979
2020-05-21,0.0025417342,0.002529444,0.0025950232,0.0023927592
2020-05-22,0.0025073371,0.0025414299,0.0025644798,0.0024428287
2020-05-23,0.0025174065,0.0025073371,0.0025755326,0.0024761315
2020-05-24,0.0024892596,0.0025173279,0.0025792473,0.0024378581
2020-05-25,0.0025135391,0.0024892561,0.0025711107,0.0024056453
2020-05-26,0.002481123,0.0025135325,0.0025670925,0.0024594081
2020-05-27,0.0024774969,0.002481123,0.0025504086,0.0024120442
2020-05-28,0.0025419256,0.0024774667,0.0025980646,0.0023799804
2020-05-29,0.0025318338,0.0025421336,0.0025697139,0.002467447
2020-05-30,0.0026150824,0.0025327465,0.0026725281,0.0024995844
2020-05-31,0.0025430862,0.0026152305,0.0026498149,0.0025181335
2020-06-01,0.0026710225,0.002543013,0.0027173719,0.0025146885
2020-06-02,0.0025652345,0.0026707959,0.0027078266,0.0024698891
2020-06-03,0.0025631824,0.0025652335,0.0025920383,0.002502719
2020-06-04,0.0025806132,0.0025631858,0.0027176368,0.0025468988
2020-06-05,0.0025635961,0.0025807243,0.0026439301,0.0025409729
2020-06-06,0.0025983842,0.0025635355,0.0026097662,0.0025306183
2020-06-07,0.0026111948,0.0025983842,0.0026355305,0.0025366243
2020-06-08,0.0025933767,0.0026111961,0.0026239839,0.00253691
2020-06-09,0.0025843874,0.0025931948,0.0026086652,0.0024960175
2020-06-10,0.0026182252,0.0025846088,0.0026399766,0.0025416958
2020-06-11,0.0024594017,0.0026182252,0.0026436848,0.0023889816
2020-06-12,0.0025101464,0.0024595503,0.0025306756,0.0024231749
2020-06-13,0.0025316133,0.0025101629,0.0025400914,0.0024681837
2020-06-14,0.0024734612,0.0025316133,0.00254004,0.0024448013
2020-06-15,0.0025010954,0.0024733958,0.0025182246,0.0023650813
2020-06-16,0.0025348024,0.0025011502,0.0025517455,0.0023825003
2020-06-17,0.0024721754,0.002534797,0.0025452308,0.0024323469
2020-06-18,0.0025093516,0.0024721529,0.0025206777,0.0024217746
2020-06-19,0.0024631361,0.0025093563,0.0025134167,0.0024106397
2020-06-20,0.0024632658,0.0024628706,0.0024915922,0.0023980976
2020-06-21,0.0024520022,0.0024630588,0.0024945165,0.00243198
2020-06-22,0.0024995657,0.0024519572,0.0025451185,0.0024135258
2020-06-23,0.0024359903,0.0024995657,0.0025097284,0.0024164675
2020-06-24,0.002472464,0.0024359903,0.0025069374,0.0023417427
2020-06-25,0.0024067916,0.0024724325,0.0024735235,0.0023247217
2020-06-26,0.0023672614,0.0024068097,0.0024774718,0.0023020231
2020-06-27,0.0023138933,0.0023672614,0.0023745153,0.002243127
2020-06-28,0.0022964943,0.0023138953,0.0023549913,0.0022669713
2020-06-29,0.0023010871,0.0022965237,0.0023504725,0.0022818946
2020-06-30,0.002330995,0.0023010865,0.0023434037,0.0022849618
2020-07-01,0.0023484072,0.0023268714,0.0023869253,0.0022918895
2020-07-02,0.0023472079,0.0023185992,0.0023757857,0.0022708582
2020-07-03,0.002319359,0.0023394717,0.0023447195,0.0022876914
2020-07-04,0.0023364817,0.0023222539,0.0023464971,0.0022920502
2020-07-05,0.0022859548,0.0022958362,0.0023381698,0.0022631673
2020-07-06,0.0025671252,0.0023242835,0.0025801661,0.0022874309
2020-07-07,0.0030460421,0.0026128393,0.0030506456,0.0025601355
2020-07-08,0.0045434034,0.0031363254,0.0055521094,0.0030515076
2020-07-09,0.0044481718,0.0047900321,0.0050645166,0.004061791
2020-07-10,0.0035100601,0.0043461944,0.0043517041,0.0034143693
2020-07-11,0.0037407423,0.0035276318,0.0039633657,0.0034498049
2020-07-12,0.0036662478,0.0038391104,0.003863984,0.0035799529
2020-07-13,0.0031349807,0.0036361395,0.0036407577,0.002989042
2020-07-14,0.0033053101,0.0031932019,0.0034076702,0.0030329481
2020-07-15,0.0030995718,0.0032710663,0.0033066155,0.0030525311
2020-07-16,0.002960778,0.0030972793,0.0031030482,0.0028548223
2020-07-17,0.0030606856,0.0029934683,0.003098015,0.0029183196
2020-07-18,0.0035554331,0.0030723977,0.0036963728,0.0030232074
2020-07-19,0.0034421398,0.003434978,0.003805318,0.0033069614
2020-07-20,0.003209512,0.0033605843,0.0034577585,0.0031349192
2020-07-21,0.0033314479,0.0032570012,0.0033394608,0.0031596707
2020-07-22,0.0032925453,0.0032973342,0.0033119339,0.0031973345
2020-07-23,0.0032995136,0.0032738491,0.0033424145,0.003256658
2020-07-24,0.0032320933,0.0033216663,0.0033282678,0.0031543271
2020-07-25,0.0032181744,0.0032266158,0.0032668012,0.0031604695
2020-07-26,0.0032171483,0.0032267888,0.0032958322,0.0031653523
2020-07-27,0.0032018611,0.003247536,0.0032817185,0.0030187307
2020-07-28,0.0031959015,0.0031466715,0.0032632032,0.0030934191
2020-07-29,0.0032185034,0.0032288486,0.0032922963,0.003157137
2020-07-30,0.0032383311,0.0031803403,0.003297594,0.0031202912
2020-07-31,0.0032127984,0.0032317311,0.0032899142,0.0031252314
2020-08-01,0.0037214543,0.0032400865,0.0038627845,0.0031957356
2020-08-02,0.0033613726,0.0036996394,0.0037647155,0.0031134722
2020-08-03,0.0033846403,0.0033700261,0.0034807071,0.0032808091
2020-08-04,0.0035220351,0.0033830969,0.0035741733,0.0033300073
2020-08-05,0.0034911712,0.0035586561,0.003589528,0.0034372601
2020-08-06,0.0035456361,0.0035104307,0.0036578549,0.0034215673
2020-08-07,0.003467752,0.0035873956,0.0036395727,0.0033655868
2020-08-08,0.0034725917,0.0035047948,0.0035501102,0.0034007354
2020-08-09,0.0034491764,0.0034858159,0.0035327197,0.0034053
2020-08-10,0.003466908,0.0034508911,0.0035573158,0.003401193
2020-08-11,0.0033461891,0.0034863742,0.0036091369,0.0032985238
2020-08-12,0.0034578302,0.0033651908,0.0035279998,0.0033213342
2020-08-13,0.0034826522,0.0034640746,0.0035460093,0.0033136176
2020-08-14,0.0035389617,0.0034664651,0.00357436,0.0034280944
2020-08-15,0.0035768914,0.0035972214,0.0036398394,0.0034659842
2020-08-16,0.0035189928,0.0035438039,0.0035618817,0.003430092
2020-08-17,0.0036194662,0.0035212309,0.0037551537,0.0034872205
2020-08-18,0.0035321934,0.0036294621,0.0037539298,0.0034132784
2020-08-19,0.0034215043,0.0035160612,0.0035583217,0.0033162424
2020-08-20,0.0034458291,0.0034459348,0.003513958,0.0033560696
2020-08-21,0.0034271111,0.0034460262,0.0035922249,0.0033708621
2020-08-22,0.0034506779,0.0034079477,0.0034522011,0.0033240055
2020-08-23,0.0034014027,0.003432943,0.00346208,0.0033692534
2020-08-24,0.0034001715,0.0034094763,0.0034920177,0.0033294924
2020-08-25,0.0033108429,0.0034117958,0.0034741401,0.0031902627
2020-08-26,0.0032998841,0.0033181421,0.0033666672,0.0032222059
2020-08-27,0.0031795475,0.0033024474,0.003313294,0.0031408925
2020-08-28,0.0032479485,0.0031972334,0.0032823492,0.0031709724
2020-08-29,0.0032809602,0.0032603831,0.0033070956,0.0032358206
2020-08-30,0.003304379,0.0032830692,0.0033503418,0.0032679906
2020-08-31,0.0032036486,0.0032974035,0.0033168839,0.0031856853
2020-09-01,0.0032400232,0.0032145926,0.0032988382,0.0031648939
2020-09-02,0.0031167746,0.0032718908,0.0032879203,0.0030315499
2020-09-03,0.0029215787,0.0031126967,0.0031434904,0.0028747835
2020-09-04,0.0029182832,0.0027775992,0.0029653661,0.0027016815
2020-09-05,0.002730362,0.0028776282,0.0029330915,0.0026881386
2020-09-06,0.0027623617,0.0027736715,0.0028284097,0.0026835479
2020-09-07,0.002838857,0.0027837136,0.0028417699,0.0026885247
2020-09-08,0.0027231472,0.0028273067,0.002844234,0.0026739586
2020-09-09,0.0028029683,0.0027747101,0.0028229724,0.0026767458
2020-09-10,0.0027983741,0.002803327,0.0028672467,0.0027375965
2020-09-11,0.0027957139,0.0028311696,0.0028410731,0.0027320854
2020-09-12,0.0027900554,0.0028011713,0.0028438622,0.0027473181
2020-09-13,0.0027647978,0.0028150983,0.0028243923,0.0027309208
2020-09-14,0.0027820765,0.0027849172,0.0028252631,0.0027345443
2020-09-15,0.0028238721,0.0027977849,0.0028753198,0.0027807157
2020-09-16,0.0027912759,0.0028268898,0.002869699,0.0027777766
2020-09-17,0.0027929049,0.0028225489,0.0028643734,0.0027445815
2020-09-18,0.0027977671,0.0028052335,0.0028199819,0.0027498302
2020-09-19,0.0027907185,0.0027939666,0.0028106163,0.0027652548
2020-09-20,0.0027524703,0.0027910809,0.0028039335,0.0027264502
2020-09-21,0.0026660844,0.0027722337,0.0028053758,0.0025738445
2020-09-22,0.0026181823,0.0026022295,0.0026726183,0.0025724904
2020-09-23,0.002558773,0.0026428688,0.0026753616,0.0025257959
2020-09-24,0.0026328634,0.0025426967,0.0026606011,0.0025022844
2020-09-25,0.0026856534,0.0026273914,0.0027306708,0.0026054488
2020-09-26,0.002702662,0.002735631,0.0027580429,0.002679163
2020-09-27,0.0027056237,0.0027036344,0.0027366528,0.0026647486
2020-09-28,0.0026673956,0.002696192,0.0027610056,0.002649147
2020-09-29,0.0026741477,0.0026268328,0.0027411341,0.0026015799
2020-09-30,0.0026278668,0.0026444922,0.0026906162,0.0026047339
2020-10-01,0.0026314479,0.0026246576,0.0026917345,0.0025621737
2020-10-02,0.0026014262,0.0026276769,0.0026297865,0.0025318728
2020-10-03,0.002584024,0.0025952211,0.0026391787,0.0025770321
2020-10-04,0.0026122674,0.0025928031,0.0026924083,0.0025863962
2020-10-05,0.0026065965,0.002615554,0.0026559446,0.0025946524
2020-10-06,0.0025963919,0.0026282294,0.0026337226,0.0025716949
2020-10-07,0.0025878497,0.002593248,0.0026089983,0.00255574
2020-10-08,0.0026210788,0.0025883882,0.0026441711,0.002542567
2020-10-09,0.002654308,0.0026110864,0.0027048772,0.0025721531
2020-10-10,0.002689359,0.0026562845,0.002767314,0.0026391025
2020-10-11,0.0026867368,0.0026470493,0.002711992,0.0026363096
2020-10-12,0.0027116933,0.0026864761,0.002727675,0.0026167617
2020-10-13,0.0026422849,0.0026809792,0.002687318,0.0026294692
2020-10-14,0.0026523028,0.0026493817,0.0026793805,0.0026196142
2020-10-15,0.0026082201,0.0026408589,0.0026596618,0.0025471682
2020-10-16,0.0025886808,0.0025886834,0.0026245345,0.0025324054
2020-10-17,0.0025663666,0.0026067911,0.0026333895,0.0025495439
2020-10-18,0.0025952095,0.0025917348,0.0026043822,0.0025688828
2020-10-19,0.0025925037,0.0025948408,0.0026300379,0.0025653441
2020-10-20,0.0025964447,0.0026068594,0.0026417575,0.0025615431
2020-10-21,0.002681365,0.0025749817,0.0026937392,0.0025618955
2020-10-22,0.002679465,0.0025958936,0.0026985482,0.002592006
2020-10-23,0.0026595382,0.0026515482,0.0026990651,0.00261726
2020-10-24,0.0026551598,0.0026336312,0.0026659718,0.0026065434
2020-10-25,0.0026821765,0.0026415965,0.0026995999,0.0026086142
2020-10-26,0.0026654401,0.0026839464,0.0029266142,0.0026230521
2020-10-27,0.0026956016,0.0026814608,0.0027328216,0.0026205306
2020-10-28,0.002559989,0.0026427848,0.0027205492,0.0025342612
2020-10-29,0.0025857678,0.0026048495,0.0026279071,0.0025090554
2020-10-30,0.0025893842,0.0025878809,0.0026125216,0.0025096451
2020-10-31,0.0026047046,0.0025999029,0.0026264161,0.0025027936
2020-11-01,0.0025760171,0.002604668,0.0026192734,0.0025216748
2020-11-02,0.002503459,0.0025628601,0.0025948305,0.0024907478
2020-11-03,0.0025049993,0.0025356547,0.0025376822,0.002444745
2020-11-04,0.0025538946,0.0025208209,0.0026200358,0.0024821165
2020-11-05,0.0026792854,0.0025543295,0.002693771,0.002519514
2020-11-06,0.0027101336,0.0026519085,0.0028678921,0.0025797781
2020-11-07,0.0026760902,0.002784494,0.0028889226,0.0025640615
2020-11-08,0.0026890653,0.0026702674,0.002764005,0.0026353857
2020-11-09,0.0026805462,0.0027285896,0.0028328406,0.0026405948
2020-11-10,0.002845188,0.0026585499,0.0028860172,0.0026406682
2020-11-11,0.0027512423,0.002765446,0.0028953669,0.0027221736
2020-11-12,0.0027768405,0.0027818407,0.0028360445,0.0026980367
2020-11-13,0.0028235882,0.0027776524,0.0028614603,0.0027670399
2020-11-14,0.0027657872,0.002841185,0.0028503121,0.002703005
2020-11-15,0.0027823463,0.0027654553,0.0028385082,0.0027209712
2020-11-16,0.002879259,0.0027662299,0.0030599307,0.0027509049
2020-11-17,0.0029175047,0.0029283182,0.0029977918,0.0028760652
2020-11-18,0.0029408577,0.0029143436,0.003028336,0.0028319611
2020-11-19,0.0029037501,0.0029364561,0.0029877106,0.0028403524
2020-11-20,0.0030533834,0.002923943,0.0030728221,0.0028679573
2020-11-21,0.0034896879,0.003044365,0.0036355473,0.0029333649
2020-11-22,0.0034321319,0.0035213341,0.003688855,0.0031477917
2020-11-23,0.0034476192,0.0033697542,0.0035025748,0.0031989382
2020-11-24,0.0039394926,0.0037306609,0.0042135243,0.0035419355
2020-11-25,0.0037237221,0.0042920994,0.0043166044,0.0036936865
2020-11-26,0.0032596568,0.0037181693,0.0038284343,0.0029612547
2020-11-27,0.0032933965,0.0032569103,0.0033746556,0.0030706732
2020-11-28,0.0034300423,0.0033211784,0.0034983252,0.0032439456
2020-11-29,0.0034322807,0.0033954723,0.0035557451,0.0033525141
2020-11-30,0.0035697728,0.0033982613,0.0036589832,0.0033851849
2020-12-01,0.0033846581,0.0035836496,0.0036372697,0.0032277608
2020-12-02,0.0033759578,0.0033422279,0.0034804284,0.0032386289
2020-12-03,0.0033947744,0.0033863355,0.0035298694,0.003321927
2020-12-04,0.0033223523,0.0034517944,0.0034625981,0.0032558819
2020-12-05,0.0034013053,0.003292811,0.0034205726,0.0032560142
2020-12-06,0.003386104,0.0033767234,0.0034459796,0.0033408295
2020-12-07,0.0033198234,0.0033735674,0.003413905,0.003290005
2020-12-08,0.0032161963,0.0033231852,0.0033781179,0.0031928835
2020-12-09,0.0032127536,0.0031880724,0.0032241658,0.0029858387
2020-12-10,0.003117204,0.0031485097,0.0032143888,0.0030561255
2020-12-11,0.0030920375,0.0031530192,0.0031630021,0.0029937034
2020-12-12,0.003138921,0.0031189156,0.0032345377,0.0030720585
2020-12-13,0.0032897677,0.0031729813,0.0033163674,0.0031067365
2020-12-14,0.0032367859,0.0033053642,0.0033349865,0.003150989
2020-12-15,0.0031922537,0.003183914,0.0032691775,0.0031399972
2020-12-16,0.0033279505,0.0032193813,0.0034402857,0.0031695685
2020-12-17,0.0037873309,0.0034195207,0.0041214479,0.0033546996
2020-12-18,0.0038458433,0.0037592866,0.0039971509,0.0036185174
2020-12-19,0.0039868147,0.0038881483,0.0040468371,0.0037939498
2020-12-20,0.0045690554,0.0039276745,0.004718036,0.0038223384
2020-12-21,0.0049380277,0.0046466168,0.0054598851,0.004274863
2020-12-22,0.0045453383,0.004778417,0.0048858255,0.0043156474
2020-12-23,0.0038215386,0.0045032613,0.0047413424,0.0036295951
2020-12-24,0.0045611096,0.0037991182,0.0045654595,0.0036806037
2020-12-25,0.0045155782,0.0045633938,0.0046361513,0.0043852883
2020-12-26,0.0044798184,0.0045842471,0.0046490745,0.0043912673
2020-12-27,0.004531546,0.0045680821,0.0048408929,0.0043653853
2020-12-28,0.0046103699,0.004563113,0.0047458041,0.0044945128
2020-12-29,0.0044214888,0.0045911724,0.0046735,0.0042462607
2020-12-30,0.0046371478,0.0045228911,0.0047545771,0.004429649
2020-12-31,0.0047409073,0.0046687179,0.0047958644,0.0044919828
2021-01-01,0.0054048028,0.0046652409,0.0055160855,0.004620678
2021-01-02,0.0114266048,0.0056806334,0.0138923662,0.0055499644
2021-01-03,0.0100456684,0.0104497833,0.0139065672,0.0092402927
2021-01-04,0.0096303739,0.0096944993,0.0114504875,0.0076537399
2021-01-05,0.009729501,0.0097794163,0.0102788205,0.0088350736
2021-01-06,0.0103569466,0.0100077457,0.0110562213,0.0096554867
2021-01-07,0.0097812809,0.0104170567,0.0106080119,0.0094309429
2021-01-08,0.0097488037,0.0097456547,0.0098585823,0.0089077782
2021-01-09,0.0102494202,0.0098319758,0.0107078007,0.0095977714
2021-01-10,0.0099748794,0.0101471822,0.0108789144,0.008920345
2021-01-11,0.0082291743,0.0097766926,0.0098446248,0.0067288489
2021-01-12,0.0081135415,0.0088328308,0.009181302,0.0078226675
2021-01-13,0.0084418915,0.0081025114,0.0087580479,0.0077381642
2021-01-14,0.0091705192,0.008661439,0.0101533027,0.0083214042
2021-01-15,0.0093241651,0.0093766387,0.0098866655,0.0083238288
2021-01-16,0.0092294292,0.0093335126,0.0095909286,0.0090348357
2021-01-17,0.009173034,0.0092703639,0.0093883233,0.0087429083
2021-01-18,0.0091346006,0.0091317306,0.009329705,0.0089281663
2021-01-19,0.0092621866,0.0092289397,0.0097203816,0.008950459
2021-01-20,0.0089794603,0.0090837122,0.009186247,0.008491961
2021-01-21,0.0081028719,0.0090676377,0.0091060591,0.0079941341
2021-01-22,0.0086071485,0.0081933827,0.008777423,0.0075879814
2021-01-23,0.0085160981,0.0084797971,0.008836924,0.0083413293
2021-01-24,0.008726821,0.0085281404,0.0090055842,0.008483593
2021-01-25,0.0083776089,0.0087685219,0.0088831531,0.0081656993
2021-01-26,0.008194668,0.0083528885,0.0084678692,0.0079652435
2021-01-27,0.0074315832,0.0082950669,0.0082957959,0.007249931
2021-01-28,0.0235350632,0.0074734262,0.0273231308,0.0072794599
2021-01-29,0.0517932459,0.0369032822,0.0792251,0.027538627
2021-01-30,0.0323042606,0.0458957728,0.0506567252,0.0221796291
2021-01-31,0.0372874714,0.0283098358,0.0462383847,0.0268235102
2021-02-01,0.033748913,0.0370310522,0.0437949756,0.0332889909
2021-02-02,0.0314791877,0.0348341986,0.0353060832,0.0301935074
2021-02-03,0.0361952359,0.031420742,0.0398617734,0.0310406721
2021-02-04,0.0508689103,0.0372364713,0.0596809569,0.0358809886
2021-02-05,0.0469722368,0.0528588374,0.0543163155,0.0431891489
2021-02-06,0.05612247,0.0467455898,0.0561791896,0.0449719095
2021-02-07,0.0826052787,0.0577102641,0.0871587615,0.0539830092
2021-02-08,0.0790155094,0.0781148614,0.0854587932,0.0629015041
2021-02-09,0.0707010226,0.0787853802,0.0838092891,0.0633896777
2021-02-10,0.0742113608,0.0701410758,0.0815953604,0.0666030652
2021-02-11,0.0699101691,0.0726352005,0.0754227288,0.0680236543
2021-02-12,0.0706943689,0.0696764321,0.0731010502,0.0625556151
2021-02-13,0.0663360307,0.0698756716,0.0717280284,0.0658174897
2021-02-14,0.058793294,0.0663029671,0.066533961,0.0563578151
2021-02-15,0.0572737893,0.0627465261,0.0642568742,0.0477429296
2021-02-16,0.0537229125,0.056466269,0.0599171361,0.0506288424
2021-02-17,0.0497811672,0.0535769172,0.0551411834,0.0494468851
2021-02-18,0.0619595576,0.0495097546,0.0619595576,0.0489094528
2021-02-19,0.0551494951,0.058839269,0.059751612,0.0539269531
2021-02-20,0.0526117771,0.0549887235,0.0601246899,0.0510886333
2021-02-21,0.0571953976,0.0542105748,0.0598165739,0.0533107284
2021-02-22,0.0533927188,0.0559756672,0.0608136562,0.0464106711
2021-02-23,0.0468269618,0.0535847321,0.0539293002,0.0426021201
2021-02-24,0.0560009466,0.0476623435,0.0606731827,0.0459878137
2021-02-25,0.0519867438,0.0568343867,0.0579432689,0.0505113638
2021-02-26,0.0502146697,0.0499717541,0.0526406733,0.0485098473
2021-02-27,0.0501439853,0.0504920992,0.0520316172,0.0495777622
2021-02-28,0.0489883242,0.0502099974,0.0503221859,0.0448265469
2021-03-01,0.0504783622,0.0482228424,0.0519441059,0.0480237299
2021-03-02,0.0504409389,0.0505312561,0.0525645978,0.0491469894
2021-03-03,0.0508586996,0.0505082089,0.0522973316,0.0500708874
2021-03-04,0.0504527343,0.0504837732,0.0512398475,0.047816364
2021-03-05,0.0497762863,0.0500818447,0.0510692327,0.04806487
2021-03-06,0.0515306162,0.0495990557,0.0526546716,0.0491752828
2021-03-07,0.0516958369,0.0509566568,0.0519589477,0.0504566825
2021-03-08,0.0591824888,0.0519728875,0.0600545134,0.0516328247
2021-03-09,0.0581577003,0.0630167122,0.0630368052,0.0560060336
2021-03-10,0.0563812754,0.0579631056,0.0587784285,0.0545207324
2021-03-11,0.0556516177,0.0559609141,0.0569908915,0.0542795982
2021-03-12,0.0554609376,0.0558864258,0.0570480135,0.0542395729
2021-03-13,0.0579377936,0.0552204317,0.0606111921,0.0547034852
2021-03-14,0.0594034015,0.0624147801,0.0632907928,0.0585821463
2021-03-15,0.0565534935,0.0582237785,0.0597121905,0.0550218945
2021-03-16,0.0587049962,0.0570028625,0.0591381847,0.0553597523
2021-03-17,0.0581473878,0.0587358839,0.0590083122,0.0565692881
2021-03-18,0.0577099559,0.05784259,0.0592958684,0.0569352726
2021-03-19,0.0588501218,0.057317314,0.0600060653,0.0564467566
2021-03-20,0.0600436085,0.0584436787,0.0607938399,0.058058328
2021-03-21,0.0582353822,0.0589871576,0.0596507135,0.056746115
2021-03-22,0.0552306751,0.0575856895,0.0580238559,0.0546451008
2021-03-23,0.0541114704,0.0549960427,0.0561639321,0.0530410869
2021-03-24,0.0524086592,0.0534588585,0.0567511923,0.0508429073
2021-03-25,0.0517399755,0.0515914763,0.0524671679,0.0493870817
2021-03-26,0.0536922506,0.0512469883,0.0539588658,0.0512335447
2021-03-27,0.0547461382,0.0540462943,0.0554897514,0.053446905
2021-03-28,0.053484146,0.0544107469,0.0549374495,0.0529762863
2021-03-29,0.0540968173,0.0536534051,0.0547760986,0.0531903187
2021-03-30,0.054213746,0.0541103016,0.0556671215,0.0536176723
2021-03-31,0.0535549684,0.0540935487,0.0546406006,0.0516242868
2021-04-01,0.0599140442,0.0537247306,0.0712055878,0.053626903
2021-04-02,0.0574238167,0.0620565754,0.0628421681,0.0573229685
2021-04-03,0.0563784774,0.0575957894,0.0594856886,0.0560073893
2021-04-04,0.057309917,0.0555667878,0.0582439472,0.0551696942
2021-04-05,0.0589234204,0.0574579844,0.0593147316,0.0562645421
2021-04-06,0.0630599071,0.0599549147,0.0653250048,0.0580659673
2021-04-07,0.0601873248,0.0644360516,0.0674773224,0.0571396904
2021-04-08,0.0611705401,0.0588224037,0.0624079822,0.0586611523
2021-04-09,0.0616745563,0.0617611871,0.064287791,0.0604773586
2021-04-10,0.0635717714,0.0616170695,0.0651114074,0.0609425277
2021-04-11,0.0756353606,0.0637613937,0.0800344807,0.0633248084
2021-04-12,0.0715775832,0.0743739033,0.0754303584,0.0686909801
2021-04-13,0.0924414626,0.0707960231,0.0945170983,0.0706332349
2021-04-14,0.1275778771,0.0944300679,0.1453077308,0.0921680662
2021-04-15,0.1721661479,0.1213803673,0.1918410211,0.119870139
2021-04-16,0.3795198355,0.1825578624,0.4504864955,0.1793083416
2021-04-17,0.3056824558,0.3661458141,0.3814350384,0.2316461761
2021-04-18,0.3318115983,0.2830447075,0.3515335856,0.2423578071
2021-04-19,0.416551143,0.3234615407,0.4284610126,0.3094471019
2021-04-20,0.3353962068,0.409620872,0.4240822561,0.2709820723
2021-04-21,0.3079602783,0.3177229257,0.3479294314,0.2965318528
2021-04-22,0.2683380608,0.3061761778,0.3092297685,0.2533026978
2021-04-23,0.2391444357,0.2608255356,0.2694052621,0.1608116986
2021-04-24,0.2714234993,0.2502502263,0.2911596938,0.2309292547
2021-04-25,0.2479777158,0.270787752,0.2884257345,0.226516875
2021-04-26,0.2663730697,0.2520194322,0.2808529952,0.2476982097
2021-04-27,0.2719959145,0.2718173736,0.2803146659,0.2648406439
2021-04-28,0.3163290205,0.2726708395,0.3462542438,0.2563125132
2021-04-29,0.3077020849,0.3234480721,0.3247968952,0.2961993453
2021-04-30,0.3351472656,0.3051134847,0.340012902,0.3025994643
2021-05-01,0.3851596652,0.337656106,0.3926873505,0.3282974568
2021-05-02,0.3784028647,0.3911239327,0.4001204117,0.3625018187
2021-05-03,0.4364162999,0.3746158191,0.4478349794,0.3743830083
2021-05-04,0.5425109667,0.4417594899,0.61113518,0.4043269761
2021-05-05,0.6416045016,0.5393155908,0.696495456,0.5210108059
2021-05-06,0.586173406,0.6539020933,0.66479447,0.5412518183
2021-05-07,0.7223204769,0.5814790756,0.73407397,0.5180432021
2021-05-08,0.6436801234,0.6911740007,0.7400103296,0.6019518324
2021-05-09,0.585158958,0.6382536542,0.7018368816,0.4186942298
2021-05-10,0.456113233,0.5714521813,0.5722505203,0.4204495716
2021-05-11,0.5024757846,0.4511661129,0.5487958591,0.4439690247
2021-05-12,0.4519935089,0.4943966041,0.5215903795,0.4326168811
2021-05-13,0.4300419337,0.3918606792,0.4563288244,0.3552791968
2021-05-14,0.5550034809,0.4895582417,0.5912714024,0.4651788546
2021-05-15,0.5109660608,0.5606873192,0.5646933887,0.4916051286
2021-05-16,0.4924255373,0.5089457071,0.5490971896,0.4497456805
2021-05-17,0.4822827545,0.5139744267,0.5162634829,0.4562491625
2021-05-18,0.4805031368,0.4877243443,0.508853277,0.469999313
2021-05-19,0.3681395042,0.4765880792,0.4801362602,0.2391107703
2021-05-20,0.3960534219,0.3308579727,0.436621732,0.3035892145
2021-05-21,0.3574657668,0.3990012842,0.4125680574,0.3147867835
2021-05-22,0.3435665149,0.3587120448,0.3638975863,0.3177552916
2021-05-23,0.3091838217,0.3425808384,0.3506859332,0.2489122289
2021-05-24,0.3490122229,0.3067020539,0.3749937013,0.2961141858
2021-05-25,0.3486084997,0.3666897554,0.3807046012,0.3229722479
2021-05-26,0.3472869293,0.3464704754,0.367165044,0.3375475808
2021-05-27,0.33306692,0.3534354502,0.3536126376,0.3278089086
2021-05-28,0.3047765834,0.3343541225,0.347885083,0.303277964
2021-05-29,0.2985486152,0.3115547003,0.3181527397,0.2804325527
2021-05-30,0.3036249146,0.3031871697,0.3110866832,0.2873031604
2021-05-31,0.3245741197,0.302112466,0.3299297593,0.2944217654
2021-06-01,0.3706638416,0.3256697634,0.3777065007,0.3116019028
2021-06-02,0.4176002045,0.3699944966,0.4461242022,0.3512368692
2021-06-03,0.4032129346,0.4233896179,0.4413741533,0.3801204007
2021-06-04,0.3835275959,0.400909553,0.4021997891,0.3502494814
2021-06-05,0.3667692215,0.3767759392,0.3952781912,0.3603141953
2021-06-06,0.3686250711,0.3717705121,0.3773462858,0.3670125185
2021-06-07,0.3400576346,0.371642975,0.3801577797,0.3303939979
2021-06-08,0.3308023356,0.3317843679,0.342091522,0.2956837885
2021-06-09,0.3444003494,0.3263100588,0.3547653894,0.3127221315
2021-06-10,0.327612065,0.3433863909,0.3452226728,0.3228380477
2021-06-11,0.3199142743,0.3262325987,0.3336331555,0.3111607354
2021-06-12,0.3129034242,0.3187656189,0.3187800453,0.3012582352
2021-06-13,0.3234484927,0.3123621316,0.3295003527,0.3077282163
