Open,High,Low,Close
1.210160,1.215490,1.209580,1.211100
1.210420,1.212320,1.194710,1.205740
0.571249,0.607890,0.568314,0.606502
0.605129,0.606229,0.604416,0.606229
1.000000,1.000000,1.000000,1.000000
1.000000,1.000000,1.000000,1.000000
1.000000,1.000000,1.000000,1.000000
1.000000,1.000000,1.000000,1.000000
1.000000,1.000000,1.000000,1.000000
1.000000,1.000000,1.000000,1.000000
1.000000,1.000000,1.000000,1.000000
1.000000,1.000000,1.000000,1.000000
1.000000,1.000000,1.000000,1.000000
1.000000,1.000000,1.000000,1.000000
1.000000,1.000000,1.000000,1.000000
1.000000,1.000000,1.000000,1.000000
1.000000,1.000000,1.000000,1.000000
1.000000,1.000000,1.000000,1.000000
1.000000,1.000000,1.000000,1.000000
1.000000,1.000000,1.000000,1.000000
1.000000,1.000000,1.000000,1.000000
1.000000,1.000000,1.000000,1.000000
1.000000,1.000000,1.000000,1.000000
1.000000,1.000000,1.000000,1.000000
1.000000,1.000000,1.000000,1.000000
1.000000,1.000000,1.000000,1.000000
1.000000,1.000000,1.000000,1.000000
1.000000,1.000000,1.000000,1.000000
1.000000,1.000000,1.000000,1.000000
1.000000,1.000000,1.000000,1.000000
1.000000,1.000000,1.000000,1.000000
1.000000,1.000000,1.000000,1.000000
1.000000,1.000000,1.000000,1.000000
1.000000,1.000000,1.000000,1.000000
1.000000,1.000000,1.000000,1.000000
1.000000,1.000000,1.000000,1.000000
1.000000,1.000000,1.000000,1.000000
1.000000,1.000000,1.000000,1.000000
1.000000,1.000000,1.000000,1.000000
1.000000,1.000000,1.000000,1.000000
1.000000,1.000000,1.000000,1.000000
1.000000,1.000000,1.000000,1.000000
1.000000,1.000000,1.000000,1.000000
1.000000,1.000000,1.000000,1.000000
1.000000,1.000000,1.000000,1.000000
1.000000,1.000000,1.000000,1.000000
1.000000,1.000000,1.000000,1.000000
1.000000,1.000000,1.000000,1.000000
1.000000,1.000000,1.000000,1.000000
1.000000,1.000000,1.000000,1.000000
1.000000,1.000000,1.000000,1.000000
1.000000,1.000000,1.000000,1.000000
1.000000,1.000000,1.000000,1.000000
1.000000,1.000000,1.000000,1.000000
1.000000,1.000000,1.000000,1.000000
1.000000,1.000000,1.000000,1.000000
1.000000,1.000000,1.000000,1.000000
1.000000,1.000000,1.000000,1.000000
1.000000,1.000000,1.000000,1.000000
1.000000,1.000000,1.000000,1.000000
1.000000,1.000000,1.000000,1.000000
1.000000,1.000000,1.000000,1.000000
1.000000,1.000000,1.000000,1.000000
1.000000,1.000000,1.000000,1.000000
1.000000,1.000000,1.000000,1.000000
1.000000,1.000000,1.000000,1.000000
1.000000,1.000000,1.000000,1.000000
1.000000,1.000000,1.000000,1.000000
1.000000,1.000000,1.000000,1.000000
1.000000,1.000000,1.000000,1.000000
1.000000,1.000000,1.000000,1.000000
1.000000,1.000000,1.000000,1.000000
1.000000,1.000000,1.000000,1.000000
1.000000,1.000000,1.000000,1.000000
1.000000,1.000000,1.000000,1.000000
1.000000,1.000000,1.000000,1.000000
1.000000,1.000000,1.000000,1.000000
1.000000,1.000000,1.000000,1.000000
1.000000,1.000000,1.000000,1.000000
1.000000,1.000000,1.000000,1.000000
1.000000,1.000000,1.000000,1.000000
1.000000,1.000000,1.000000,1.000000
1.000000,1.000000,1.000000,1.000000
1.000000,1.000000,1.000000,1.000000
1.000000,1.000000,1.000000,1.000000
1.000000,1.000000,1.000000,1.000000
1.000000,1.000000,1.000000,1.000000
1.000000,1.000000,1.000000,1.000000
1.000000,1.000000,1.000000,1.000000
1.000000,1.000000,1.000000,1.000000
1.000000,1.000000,1.000000,1.000000
1.000000,1.000000,1.000000,1.000000
1.000000,1.000000,1.000000,1.000000
1.000000,1.000000,1.000000,1.000000
1.000000,1.000000,1.000000,1.000000
1.000000,1.000000,1.000000,1.000000
1.000000,1.000000,1.000000,1.000000
1.000000,1.000000,1.000000,1.000000
1.000000,1.000000,1.000000,1.000000
1.000000,1.000000,1.000000,1.000000
1.000000,1.000000,1.000000,1.000000
1.000000,1.000000,1.000000,1.000000
1.000000,1.000000,1.000000,1.000000
1.000000,1.000000,1.000000,1.000000
1.000000,1.000000,1.000000,1.000000
1.000000,1.000000,1.000000,1.000000
1.000000,1.000000,1.000000,1.000000
1.000000,1.000000,1.000000,1.000000
1.000000,1.000000,1.000000,1.000000
1.000000,1.000000,1.000000,1.000000
1.000000,1.000000,1.000000,1.000000
1.000000,1.000000,1.000000,1.000000
1.000000,1.000000,1.000000,1.000000
1.000000,1.000000,1.000000,1.000000
1.000000,1.000000,1.000000,1.000000
1.000000,1.000000,1.000000,1.000000
1.000000,1.000000,1.000000,1.000000
1.000000,1.000000,1.000000,1.000000
1.000000,1.000000,1.000000,1.000000
1.000000,1.000000,1.000000,1.000000
1.000000,1.000000,1.000000,1.000000
1.000000,1.000000,1.000000,1.000000
1.000000,1.000000,1.000000,1.000000
1.000000,1.000000,1.000000,1.000000
1.000000,1.000000,1.000000,1.000000
1.000000,1.000000,1.000000,1.000000
1.000000,1.000000,1.000000,1.000000
1.000000,1.000000,1.000000,1.000000
1.000000,1.000000,1.000000,1.000000
1.000000,1.000000,1.000000,1.000000
1.000000,1.000000,1.000000,1.000000
1.000000,1.000000,1.000000,1.000000
1.000000,1.000000,1.000000,1.000000
1.000000,1.000000,1.000000,1.000000
1.000000,1.000000,1.000000,1.000000
1.000000,1.000000,1.000000,1.000000
1.000000,1.000000,1.000000,1.000000
1.000000,1.000000,1.000000,1.000000
1.000000,1.000000,1.000000,1.000000
1.000000,1.000000,1.000000,1.000000
1.000000,1.000000,1.000000,1.000000
1.000000,1.000000,1.000000,1.000000
1.000000,1.000000,1.000000,1.000000
1.000000,1.000000,1.000000,1.000000
1.000000,1.000000,1.000000,1.000000
1.000000,1.000000,1.000000,1.000000
1.000000,1.000000,1.000000,1.000000
1.000000,1.000000,1.000000,1.000000
1.000000,1.000000,1.000000,1.000000
1.000000,1.000000,1.000000,1.000000
1.000000,1.000000,1.000000,1.000000
1.000000,1.000000,1.000000,1.000000
1.000000,1.000000,1.000000,1.000000
1.000000,1.000000,1.000000,1.000000
1.000000,1.000000,1.000000,1.000000
1.000000,1.000000,1.000000,1.000000
1.000000,1.000000,1.000000,1.000000
1.000000,1.000000,1.000000,1.000000
1.000000,1.000000,1.000000,1.000000
1.000000,1.000000,1.000000,1.000000
1.000000,1.000000,1.000000,1.000000
1.000000,1.000000,1.000000,1.000000
1.000000,1.000000,1.000000,1.000000
1.000000,1.000000,1.000000,1.000000
1.000000,1.000000,1.000000,1.000000
1.000000,1.000000,1.000000,1.000000
1.000000,1.000000,1.000000,1.000000
1.000000,1.000000,1.000000,1.000000
1.000000,1.000000,1.000000,1.000000
1.000000,1.000000,1.000000,1.000000
1.000000,1.000000,1.000000,1.000000
1.000000,1.000000,1.000000,1.000000
1.000000,1.000000,1.000000,1.000000
1.000000,1.000000,1.000000,1.000000
1.000000,1.000000,1.000000,1.000000
1.000000,1.000000,1.000000,1.000000
1.000000,1.000000,1.000000,1.000000
1.000000,1.000000,1.000000,1.000000
1.000000,1.000000,1.000000,1.000000
1.000000,1.000000,1.000000,1.000000
1.000000,1.000000,1.000000,1.000000
1.000000,1.000000,1.000000,1.000000
1.000000,1.000000,1.000000,1.000000
1.000000,1.000000,1.000000,1.000000
1.000000,1.000000,1.000000,1.000000
1.000000,1.000000,1.000000,1.000000
1.000000,1.000000,1.000000,1.000000
1.000000,1.000000,1.000000,1.000000
1.000000,1.000000,1.000000,1.000000
1.000000,1.000000,1.000000,1.000000
1.000000,1.000000,1.000000,1.000000
1.000000,1.000000,1.000000,1.000000
1.000000,1.000000,1.000000,1.000000
1.000000,1.000000,1.000000,1.000000
1.000000,1.000000,1.000000,1.000000
1.000000,1.000000,1.000000,1.000000
1.000000,1.000000,1.000000,1.000000
1.000000,1.000000,1.000000,1.000000
1.000000,1.000000,1.000000,1.000000
1.000000,1.000000,1.000000,1.000000
1.000000,1.000000,1.000000,1.000000
1.000000,1.000000,1.000000,1.000000
1.000000,1.000000,1.000000,1.000000
1.000000,1.000000,1.000000,1.000000
1.000000,1.000000,1.000000,1.000000
1.000000,1.000000,1.000000,1.000000
1.000000,1.000000,1.000000,1.000000
1.000000,1.000000,1.000000,1.000000
1.000000,1.000000,1.000000,1.000000
1.000000,1.000000,1.000000,1.000000
1.000000,1.000000,1.000000,1.000000
1.000000,1.000000,1.000000,1.000000
1.000000,1.000000,1.000000,1.000000
1.000000,1.000000,1.000000,1.000000
1.000000,1.000000,1.000000,1.000000
1.000000,1.000000,1.000000,1.000000
1.000000,1.000000,1.000000,1.000000
1.000000,1.000000,1.000000,1.000000
1.000000,1.000000,1.000000,1.000000
1.000000,1.000000,1.000000,1.000000
1.000000,1.000000,1.000000,1.000000
1.000000,1.000000,1.000000,1.000000
1.000000,1.000000,1.000000,1.000000
1.000000,1.000000,1.000000,1.000000
1.000000,1.000000,1.000000,1.000000
1.000000,1.000000,1.000000,1.000000
1.000000,1.000000,1.000000,1.000000
1.000000,1.000000,1.000000,1.000000
1.000000,1.000000,1.000000,1.000000
1.000000,1.000000,1.000000,1.000000
1.000000,1.000000,1.000000,1.000000
1.000000,1.000000,1.000000,1.000000
1.000000,1.000000,1.000000,1.000000
1.000000,1.000000,1.000000,1.000000
1.000000,1.000000,1.000000,1.000000
1.000000,1.000000,1.000000,1.000000
1.000000,1.000000,1.000000,1.000000
1.000000,1.000000,1.000000,1.000000
1.000000,1.000000,1.000000,1.000000
1.000000,1.000000,1.000000,1.000000
1.000000,1.000000,1.000000,1.000000
1.000000,1.000000,1.000000,1.000000
1.000000,1.000000,1.000000,1.000000
1.000000,1.000000,1.000000,1.000000
1.000000,1.000000,1.000000,1.000000
1.000000,1.000000,1.000000,1.000000
1.000000,1.000000,1.000000,1.000000
1.000000,1.000000,1.000000,1.000000
1.000000,1.000000,1.000000,1.000000
1.000000,1.000000,1.000000,1.000000
1.000000,1.000000,1.000000,1.000000
1.000000,1.000000,1.000000,1.000000
1.000000,1.000000,1.000000,1.000000
1.000000,1.000000,1.000000,1.000000
1.000000,1.000000,1.000000,1.000000
1.000000,1.000000,1.000000,1.000000
1.000000,1.000000,1.000000,1.000000
1.000000,1.000000,1.000000,1.000000
1.000000,1.000000,1.000000,1.000000
1.000000,1.000000,1.000000,1.000000
1.000000,1.000000,1.000000,1.000000
1.000000,1.000000,1.000000,1.000000
1.000000,1.000000,1.000000,1.000000
1.000000,1.000000,1.000000,1.000000
1.000000,1.000000,1.000000,1.000000
1.000000,1.000000,1.000000,1.000000
1.000000,1.000000,1.000000,1.000000
1.000000,1.000000,1.000000,1.000000
1.000000,1.000000,1.000000,1.000000
1.000000,1.000000,1.000000,1.000000
1.000000,1.000000,1.000000,1.000000
1.000000,1.000000,1.000000,1.000000
1.000000,1.000000,1.000000,1.000000
1.000000,1.000000,1.000000,1.000000
1.000000,1.000000,0.999993,0.999993
0.999994,1.000000,0.999988,1.000000
1.000000,1.000000,1.000000,1.000000
1.000000,1.000000,1.000000,1.000000
1.000000,1.000000,1.000000,1.000000
1.000000,1.000000,1.000000,1.000000
1.000000,1.000000,1.000000,1.000000
1.000000,1.000160,1.000000,1.000160
1.000170,1.000390,1.000000,1.000080
1.000070,1.000070,1.000000,1.000000
1.000000,1.000000,1.000000,1.000000
1.000000,1.000000,1.000000,1.000000
1.000000,1.000000,1.000000,1.000000
1.000000,1.000000,1.000000,1.000000
1.000000,1.000000,1.000000,1.000000
1.000000,1.000000,1.000000,1.000000
1.000000,1.000000,1.000000,1.000000
1.000000,1.000000,1.000000,1.000000
1.000000,1.000000,1.000000,1.000000
1.000000,1.000000,1.000000,1.000000
1.000000,1.000170,0.999848,0.999864
0.999864,0.999892,0.999454,0.999801
0.999805,1.000000,0.999805,1.000000
1.000000,1.000000,1.000000,1.000000
1.000000,1.000000,1.000000,1.000000
1.000000,1.000000,1.000000,1.000000
1.000000,1.000000,1.000000,1.000000
1.000000,1.000000,1.000000,1.000000
1.000000,1.000000,1.000000,1.000000
1.000000,1.000000,1.000000,1.000000
1.000000,1.000000,1.000000,1.000000
1.000000,1.000000,1.000000,1.000000
1.000000,1.000000,1.000000,1.000000
1.000000,1.000000,1.000000,1.000000
1.000000,1.000000,1.000000,1.000000
1.000000,1.000250,1.000000,1.000250
1.000250,1.000310,1.000000,1.000000
1.000000,1.000000,1.000000,1.000000
1.000000,1.000000,1.000000,1.000000
1.000000,1.000000,1.000000,1.000000
1.000000,1.000000,1.000000,1.000000
1.000000,1.000000,1.000000,1.000000
1.000000,1.000000,1.000000,1.000000
1.000000,1.000450,1.000000,1.000450
1.000460,1.002550,1.000000,1.000000
1.000000,1.000000,1.000000,1.000000
1.000000,1.000440,0.999692,1.000410
1.000390,1.000450,1.000000,1.000000
1.000000,1.000000,1.000000,1.000000
1.000000,1.000000,1.000000,1.000000
1.000000,1.000000,1.000000,1.000000
1.000000,1.000000,1.000000,1.000000
1.000000,1.000070,1.000000,1.000070
1.000070,1.000360,1.000070,1.000150
1.000120,1.000120,1.000010,1.000010
1.000010,1.000010,1.000010,1.000010
1.000010,1.000010,1.000000,1.000000
1.000000,1.000000,1.000000,1.000000
1.000000,1.000000,0.999926,0.999999
0.999999,1.000000,0.999976,0.999978
0.999978,1.000000,0.999968,1.000000
1.000000,1.000000,0.999999,0.999999
0.999999,1.000000,0.999701,0.999969
0.999969,1.000000,0.999969,1.000000
1.000000,1.000000,1.000000,1.000000
1.000000,1.000000,1.000000,1.000000
1.000000,1.000000,1.000000,1.000000
1.000000,1.000000,1.000000,1.000000
1.000000,1.000000,1.000000,1.000000
1.000000,1.000000,1.000000,1.000000
1.000000,1.000000,1.000000,1.000000
1.000000,1.000000,1.000000,1.000000
1.000000,1.000000,1.000000,1.000000
1.000000,1.000000,1.000000,1.000000
1.000000,1.000000,1.000000,1.000000
1.000000,1.001050,0.999664,1.000890
1.000870,1.001070,1.000010,1.000010
1.000010,1.000010,1.000010,1.000010
1.000010,1.000010,1.000000,1.000000
1.000000,1.000000,1.000000,1.000000
1.000000,1.000000,1.000000,1.000000
1.000000,1.000000,1.000000,1.000000
1.000000,1.000000,1.000000,1.000000
1.000000,1.000000,1.000000,1.000000
1.000000,1.000000,1.000000,1.000000
1.000000,1.000000,0.999844,0.999844
0.999844,1.000000,0.999749,1.000000
1.000000,1.000000,1.000000,1.000000
1.000000,1.000000,1.000000,1.000000
1.000000,1.000000,1.000000,1.000000
1.000000,1.000020,1.000000,1.000020
1.000020,1.000320,0.999981,0.999991
0.999991,0.999994,0.999962,0.999962
0.999961,0.999999,0.999953,0.999999
0.999999,1.000000,0.999999,1.000000
1.000000,1.000000,1.000000,1.000000
1.000000,1.000000,0.999996,0.999998
0.999998,0.999998,0.999998,0.999998
0.999998,1.000000,0.999998,1.000000
1.000000,1.000000,0.999895,0.999895
0.999895,0.999994,0.999895,0.999994
0.999994,0.999995,0.999994,0.999995
0.999995,0.999995,0.999822,0.999895
0.999896,0.999987,0.999896,0.999918
0.999917,0.999994,0.999914,0.999994
0.999994,1.000000,0.999994,1.000000
1.000000,1.000000,1.000000,1.000000
1.000000,1.000000,0.999934,0.999983
0.999983,0.999998,0.999982,0.999998
0.999998,0.999998,0.999998,0.999998
0.999998,0.999998,0.999998,0.999998
0.999998,0.999999,0.999998,0.999999
0.999999,0.999999,0.999999,0.999999
0.999999,0.999999,0.999999,0.999999
0.999999,0.999999,0.999972,0.999972
0.999973,1.000000,0.999973,1.000000
1.000000,1.000000,1.000000,1.000000
1.000000,1.000000,1.000000,1.000000
1.000000,1.000000,1.000000,1.000000
1.000000,1.000000,1.000000,1.000000
1.000000,1.000000,1.000000,1.000000
1.000000,1.000000,1.000000,1.000000
1.000000,1.000000,1.000000,1.000000
1.000000,1.000000,1.000000,1.000000
1.000000,1.000000,1.000000,1.000000
1.000000,1.000000,1.000000,1.000000
1.000000,1.000000,1.000000,1.000000
1.000000,1.000020,1.000000,1.000020
1.000020,1.000030,1.000020,1.000020
1.000020,1.000020,1.000000,1.000000
1.000000,1.000000,1.000000,1.000000
1.000000,1.000000,1.000000,1.000000
1.000000,1.000810,0.999793,0.999861
0.999846,1.000060,0.999516,1.000000
1.000000,1.000000,1.000000,1.000000
1.000000,1.000000,1.000000,1.000000
1.000000,1.000000,1.000000,1.000000
1.000000,1.000000,1.000000,1.000000
1.000000,1.000000,1.000000,1.000000
1.000000,1.000000,1.000000,1.000000
1.000000,1.000000,1.000000,1.000000
1.000000,1.000000,1.000000,1.000000
1.000000,1.000000,1.000000,1.000000
1.000000,1.000000,1.000000,1.000000
1.000000,1.000000,1.000000,1.000000
1.000000,1.000000,1.000000,1.000000
1.000000,1.000000,1.000000,1.000000
1.000000,1.000000,1.000000,1.000000
1.000000,1.000000,1.000000,1.000000
1.000000,1.000000,1.000000,1.000000
1.000000,1.000000,1.000000,1.000000
1.000000,1.000000,1.000000,1.000000
1.000000,1.000000,1.000000,1.000000
1.000000,1.000000,1.000000,1.000000
1.000000,1.000000,1.000000,1.000000
1.000000,1.000000,1.000000,1.000000
1.000000,1.000000,1.000000,1.000000
1.000000,1.000000,1.000000,1.000000
1.000000,1.000000,1.000000,1.000000
1.000000,1.000000,1.000000,1.000000
1.000000,1.000000,1.000000,1.000000
1.000000,1.000000,1.000000,1.000000
1.000000,1.000000,1.000000,1.000000
1.000000,1.000000,1.000000,1.000000
1.000000,1.003260,1.000000,1.003260
1.003310,1.006500,1.003090,1.003580
1.003520,1.003520,1.000000,1.000000
1.000000,1.000000,1.000000,1.000000
1.000000,1.000000,1.000000,1.000000
1.000000,1.000000,1.000000,1.000000
1.000000,1.000000,1.000000,1.000000
1.000000,1.000000,1.000000,1.000000
1.000000,1.000000,1.000000,1.000000
1.000000,1.000000,1.000000,1.000000
1.000000,1.000000,1.000000,1.000000
1.000000,1.000020,1.000000,1.000020
1.000020,1.000020,1.000000,1.000000
1.000000,1.000000,0.999999,1.000000
1.000000,1.000000,1.000000,1.000000
1.000000,1.000000,1.000000,1.000000
1.000000,1.000000,1.000000,1.000000
1.000000,1.000000,1.000000,1.000000
1.000000,1.000000,1.000000,1.000000
1.000000,1.000000,1.000000,1.000000
1.000000,1.000000,1.000000,1.000000
1.000000,1.000000,1.000000,1.000000
1.000000,1.000000,1.000000,1.000000
1.000000,1.000000,1.000000,1.000000
1.000000,1.000000,1.000000,1.000000
1.000000,1.000000,1.000000,1.000000
1.000000,1.000000,1.000000,1.000000
1.000000,1.000000,1.000000,1.000000
1.000000,1.000000,1.000000,1.000000
1.000000,1.000000,1.000000,1.000000
1.000000,1.000000,1.000000,1.000000
1.000000,1.000000,1.000000,1.000000
1.000000,1.000000,1.000000,1.000000
1.000000,1.000000,1.000000,1.000000
1.000000,1.000000,0.999999,0.999999
0.999999,0.999999,0.999999,0.999999
0.999999,0.999999,0.999999,0.999999
0.999999,0.999999,0.999999,0.999999
0.999999,1.000000,0.999999,1.000000
1.000000,1.000000,1.000000,1.000000
1.000000,1.000000,1.000000,1.000000
1.000000,1.000000,1.000000,1.000000
1.000000,1.000010,1.000000,1.000010
1.000010,1.000010,1.000010,1.000010
1.000010,1.000010,1.000010,1.000010
1.000010,1.000010,0.999932,0.999951
0.999953,1.000000,0.999953,1.000000
1.000000,1.000000,1.000000,1.000000
1.000000,1.000000,1.000000,1.000000
1.000000,1.000000,1.000000,1.000000
1.000000,1.000000,1.000000,1.000000
1.000000,1.000000,1.000000,1.000000
1.000000,1.000000,1.000000,1.000000
1.000000,1.000000,1.000000,1.000000
1.000000,1.000000,1.000000,1.000000
1.000000,1.000000,0.999989,0.999991
0.999991,0.999999,0.999989,0.999999
0.999999,0.999999,0.999999,0.999999
0.999999,0.999999,0.999999,0.999999
0.999999,1.000190,0.999999,1.000160
1.000160,1.000160,1.000000,1.000000
1.000000,1.000000,1.000000,1.000000
1.000000,1.000000,1.000000,1.000000
1.000000,1.000000,1.000000,1.000000
1.000000,1.000000,1.000000,1.000000
1.000000,1.000000,1.000000,1.000000
1.000000,1.000000,1.000000,1.000000
1.000000,1.000010,1.000000,1.000010
1.000010,1.000010,1.000000,1.000000
1.000000,1.000000,1.000000,1.000000
1.000000,1.000000,1.000000,1.000000
1.000000,1.000000,1.000000,1.000000
1.000000,1.000000,1.000000,1.000000
1.000000,1.000000,0.999994,0.999999
0.999999,1.000000,0.999999,1.000000
1.000000,1.000000,1.000000,1.000000
1.000000,1.000000,1.000000,1.000000
1.000000,1.000080,1.000000,1.000080
1.000080,1.000090,1.000010,1.000010
1.000010,1.000010,0.999963,0.999963
0.999962,0.999999,0.999959,0.999999
0.999999,1.000000,0.999995,0.999995
0.999995,0.999996,0.999995,0.999996
0.999996,0.999996,0.999996,0.999996
0.999996,0.999996,0.999833,0.999833
0.999831,0.999831,0.999557,0.999557
0.999557,0.999557,0.999557,0.999557
0.999557,0.999557,0.999557,0.999557
0.999557,0.999557,0.999557,0.999557
0.999557,1.001070,0.973560,0.973560
0.973424,0.973424,0.962375,0.962375
0.962372,0.962372,0.962058,0.962058
0.962058,0.999999,0.962058,0.999999
0.999999,0.999999,0.999999,0.999999
0.999999,0.999999,0.999999,0.999999
0.999999,1.000000,0.999999,1.000000
1.000000,1.000000,1.000000,1.000000
1.000000,1.000000,1.000000,1.000000
1.000000,1.000000,1.000000,1.000000
1.000000,1.000000,1.000000,1.000000
1.000000,1.000000,1.000000,1.000000
1.000000,1.000000,1.000000,1.000000
1.000000,1.000000,1.000000,1.000000
1.000000,1.000000,1.000000,1.000000
1.000000,1.000000,1.000000,1.000000
1.000000,1.000000,1.000000,1.000000
1.000000,1.000000,1.000000,1.000000
1.000000,1.000000,1.000000,1.000000
1.000000,1.000000,1.000000,1.000000
1.000000,1.000000,1.000000,1.000000
1.000000,1.000000,1.000000,1.000000
1.000000,1.000000,1.000000,1.000000
1.000000,1.000000,1.000000,1.000000
1.000000,1.000000,1.000000,1.000000
1.000000,1.000000,1.000000,1.000000
1.000000,1.000000,1.000000,1.000000
1.000000,1.000000,1.000000,1.000000
1.000000,1.000000,1.000000,1.000000
1.000000,1.000000,1.000000,1.000000
1.000000,1.000000,1.000000,1.000000
1.000000,1.000000,1.000000,1.000000
1.000000,1.000000,1.000000,1.000000
1.000000,1.001010,1.000000,1.000700
1.000700,1.000810,1.000010,1.000010
1.000010,1.000010,1.000000,1.000000
1.000000,1.000000,0.999993,0.999993
0.999993,0.999999,0.999993,0.999999
0.999999,0.999999,0.999999,0.999999
0.999999,1.001000,0.999888,0.999923
0.999923,0.999999,0.999923,0.999999
0.999999,0.999999,0.999999,0.999999
0.999999,0.999999,0.999987,0.999988
0.999989,0.999999,0.999989,0.999999
0.999999,0.999999,0.999999,0.999999
0.999999,0.999999,0.999999,0.999999
0.999999,1.000000,0.999999,1.000000
1.000000,1.000000,1.000000,1.000000
1.000000,1.000000,1.000000,1.000000
1.000000,1.000000,1.000000,1.000000
1.000000,1.000000,1.000000,1.000000
1.000000,1.000000,1.000000,1.000000
1.000000,1.000000,1.000000,1.000000
1.000000,1.000000,0.999998,0.999998
0.999998,0.999998,0.999997,0.999998
0.999998,1.000000,0.999998,1.000000
1.000000,1.000000,1.000000,1.000000
1.000000,1.000000,1.000000,1.000000
1.000000,1.000000,1.000000,1.000000
1.000000,1.000000,1.000000,1.000000
1.000000,1.000000,1.000000,1.000000
1.000000,1.000000,1.000000,1.000000
1.000000,1.000000,1.000000,1.000000
1.000000,1.000000,1.000000,1.000000
1.000000,1.000000,1.000000,1.000000
1.000000,1.000000,0.999999,0.999999
0.999999,1.000000,0.999999,1.000000
1.000000,1.000000,1.000000,1.000000
1.000000,1.000000,1.000000,1.000000
1.000000,1.000000,1.000000,1.000000
1.000000,1.000000,1.000000,1.000000
1.000000,1.000000,1.000000,1.000000
1.000000,1.000000,1.000000,1.000000
1.000000,1.000000,1.000000,1.000000
1.000000,1.000000,1.000000,1.000000
1.000000,1.000000,1.000000,1.000000
1.000000,1.000000,1.000000,1.000000
1.000000,1.000000,1.000000,1.000000
1.000000,1.000000,1.000000,1.000000
1.000000,1.000000,1.000000,1.000000
1.000000,1.000000,1.000000,1.000000
1.000000,1.000000,1.000000,1.000000
1.000000,1.000000,1.000000,1.000000
1.000000,1.000000,1.000000,1.000000
1.000000,1.000000,1.000000,1.000000
1.000000,1.000000,1.000000,1.000000
1.000000,1.000000,1.000000,1.000000
1.000000,1.000000,1.000000,1.000000
1.000000,1.000000,1.000000,1.000000
1.000000,1.000000,1.000000,1.000000
1.000000,1.000000,1.000000,1.000000
1.000000,1.000000,1.000000,1.000000
1.000000,1.000000,0.999997,0.999997
0.999997,1.000000,0.999997,1.000000
1.000000,1.000000,1.000000,1.000000
1.000000,1.000000,1.000000,1.000000
1.000000,1.000000,1.000000,1.000000
1.000000,1.000000,1.000000,1.000000
1.000000,1.000000,1.000000,1.000000
1.000000,1.000000,1.000000,1.000000
1.000000,1.000000,1.000000,1.000000
1.000000,1.000000,1.000000,1.000000
1.000000,1.000000,1.000000,1.000000
1.000000,1.000000,1.000000,1.000000
1.000000,1.000000,1.000000,1.000000
1.000000,1.000000,1.000000,1.000000
1.000000,1.000000,1.000000,1.000000
1.000000,1.000000,1.000000,1.000000
1.000000,1.000000,1.000000,1.000000
1.000000,1.000000,1.000000,1.000000
1.000000,1.000000,1.000000,1.000000
1.000000,1.000000,1.000000,1.000000
1.000000,1.000000,1.000000,1.000000
1.000000,1.000000,1.000000,1.000000
1.000000,1.000000,1.000000,1.000000
1.000000,1.000020,1.000000,1.000020
1.000020,1.000570,0.999974,1.000180
1.000170,1.000170,1.000020,1.000020
1.000020,1.000020,0.999994,1.000000
1.000000,1.000000,1.000000,1.000000
1.000000,1.000000,1.000000,1.000000
1.000000,1.000000,1.000000,1.000000
1.000000,1.000000,0.999954,1.000000
1.000000,1.000000,1.000000,1.000000
1.000000,1.000000,1.000000,1.000000
1.000000,1.000000,1.000000,1.000000
1.000000,1.000000,1.000000,1.000000
1.000000,1.000000,1.000000,1.000000
1.000000,1.000030,1.000000,1.000030
1.000030,1.000080,1.000030,1.000030
1.000030,1.000030,1.000010,1.000010
1.000010,1.000010,1.000000,1.000000
1.000000,1.000000,1.000000,1.000000
1.000000,1.000000,1.000000,1.000000
1.000000,1.000000,1.000000,1.000000
1.000000,1.000310,1.000000,1.000170
1.000170,1.000170,1.000010,1.000010
1.000010,1.000010,1.000010,1.000010
1.000010,1.000010,1.000010,1.000010
1.000010,1.000010,1.000010,1.000010
1.000010,1.000040,1.000010,1.000040
1.000040,1.000040,1.000020,1.000020
1.000020,1.000020,1.000020,1.000020
1.000020,1.000020,1.000010,1.000010
1.000010,1.000010,1.000010,1.000010
1.000010,1.000010,1.000010,1.000010
1.000010,1.000010,1.000010,1.000010
1.000010,1.000010,1.000010,1.000010
1.000010,1.000010,1.000010,1.000010
1.000010,1.000010,1.000010,1.000010
1.000010,1.000010,1.000010,1.000010
1.000010,1.000010,1.000010,1.000010
1.000010,1.000010,1.000010,1.000010
1.000010,1.000010,1.000010,1.000010
1.000010,1.000010,1.000010,1.000010
1.000010,1.000010,1.000010,1.000010
1.000010,1.000010,1.000010,1.000010
1.000010,1.000030,1.000010,1.000030
1.000030,1.000050,1.000020,1.000020
1.000020,1.000020,1.000010,1.000010
1.000010,1.000010,1.000010,1.000010
1.000010,1.000010,1.000010,1.000010
1.000010,1.000010,1.000010,1.000010
1.000010,1.000010,1.000010,1.000010
1.000010,1.000010,1.000010,1.000010
1.000010,1.000010,1.000010,1.000010
1.000010,1.000010,1.000010,1.000010
1.000010,1.000010,1.000010,1.000010
1.000010,1.000010,1.000010,1.000010
1.000010,1.000010,1.000010,1.000010
1.000010,1.000010,1.000010,1.000010
1.000010,1.000010,1.000010,1.000010
1.000010,1.000030,1.000010,1.000010
1.000010,1.000330,0.999994,1.000320
1.000320,1.000590,0.999979,0.999997
0.999997,0.999999,0.999997,0.999999
0.999999,0.999999,0.849809,0.999994
0.999994,0.999998,0.999994,0.999998
0.999998,0.999999,0.999998,0.999999
0.999999,0.999999,0.999999,0.999999
0.999999,0.999999,0.999998,0.999998
0.999998,0.999999,0.999998,0.999999
0.999999,0.999999,0.999999,0.999999
0.999999,0.999999,0.999999,0.999999
0.999999,0.999999,0.999999,0.999999
0.999999,0.999999,0.999999,0.999999
0.999999,0.999999,0.999999,0.999999
0.999999,1.000000,0.999999,1.000000
1.000000,1.000000,1.000000,1.000000
1.000000,1.001770,1.000000,1.001770
1.001790,1.001790,1.000050,1.000050
1.000050,1.000050,1.000020,1.000020
1.000020,1.000020,1.000010,1.000010
1.000010,1.000030,0.999898,0.999898
0.999897,1.000000,0.999896,0.999997
0.999997,1.000150,0.999641,0.999760
0.999771,0.999998,0.999145,0.999967
0.999971,0.999997,0.999906,0.999997
0.999997,0.999998,0.999997,0.999998
0.999998,1.000040,0.999998,1.000040
1.000040,1.000220,0.999843,1.000010
1.000010,1.000100,0.999984,1.000070
1.000070,1.000070,0.999886,0.999970
0.999972,1.000010,0.999939,0.999998
0.999999,1.000000,0.999999,1.000000
1.000000,1.000000,1.000000,1.000000
1.000000,1.000060,0.999998,1.000010
1.000010,1.000010,1.000010,1.000010
1.000010,1.000060,1.000010,1.000060
1.000060,1.000060,1.000020,1.000020
1.000020,1.000020,1.000010,1.000010
1.000010,1.000010,0.999876,0.999906
0.999905,1.000100,0.999875,0.999990
0.999991,1.000040,0.999991,1.000040
1.000040,1.000270,1.000030,1.000080
1.000080,1.000220,0.999995,1.000040
1.000040,1.000040,1.000020,1.000020
1.000020,1.000020,1.000010,1.000010
1.000010,1.000030,1.000010,1.000030
1.000030,1.000030,1.000030,1.000030
1.000030,1.000110,0.999937,1.000030
1.000030,1.000090,0.999970,1.000050
1.000050,1.000380,1.000030,1.000210
1.000200,1.000220,0.999986,1.000030
1.000030,1.000040,1.000010,1.000040
1.000040,1.000090,1.000040,1.000070
1.000070,1.000260,0.999893,0.999896
0.999898,1.000140,0.999869,0.999916
0.999915,1.000050,0.999915,1.000010
1.000010,1.000010,1.000010,1.000010
1.000010,1.000010,1.000010,1.000010
1.000010,1.000170,0.999831,0.999947
0.999948,1.000090,0.999864,0.999986
0.999985,1.000310,0.999918,1.000000
1.000020,1.000070,0.997387,0.999586
0.999582,1.001290,0.999245,1.000950
1.000950,1.000960,0.999122,0.999752
0.999771,1.000110,0.999694,1.000020
1.000030,1.000110,0.999953,1.000110
1.000120,1.000220,0.999939,0.999939
0.999937,0.999965,0.999781,0.999873
0.999874,0.999958,0.998663,0.999716
0.999714,0.999967,0.997950,0.999960
0.999960,0.999985,0.999591,0.999931
0.999934,0.999937,0.999530,0.999843
0.999842,0.999934,0.999562,0.999562
0.999558,0.999731,0.999306,0.999612
0.999618,0.999755,0.998664,0.998986
0.999031,0.999949,0.999000,0.999939
0.999939,0.999946,0.999458,0.999458
0.999435,0.999498,0.997826,0.999288
0.999294,0.999793,0.999294,0.999616
0.999617,0.999622,0.999175,0.999523
0.999525,0.999691,0.997830,0.998275
0.998269,0.998269,0.984169,0.984169
0.984000,0.984000,0.940929,0.940929
0.940741,0.940741,0.921333,0.921333
0.921308,0.921308,0.917890,0.917890
0.917876,0.917876,0.913595,0.913595
0.913539,0.921050,0.913539,0.921050
0.921049,0.924415,0.921046,0.924351
0.924343,0.934542,0.924335,0.934542
0.934557,0.937409,0.934557,0.937193
0.937189,0.937196,0.935584,0.936854
0.936855,0.937218,0.935871,0.935871
0.935857,0.935857,0.932468,0.932607
0.932612,0.933930,0.932392,0.933351
0.933356,0.945931,0.933356,0.945931
0.945975,0.955601,0.945975,0.955601
0.955667,0.968619,0.955667,0.968619
0.968638,0.969836,0.968638,0.968990
0.968962,0.968962,0.967203,0.967260
0.967255,0.970504,0.967255,0.970487
0.970483,0.990120,0.970483,0.982000
0.979820,0.995306,0.965893,0.983721
0.975099,0.998678,0.960650,0.976070
0.981353,0.988520,0.963115,0.973648
0.972775,0.993730,0.970647,0.981106
0.980577,0.992408,0.967298,0.967298
0.970698,0.986720,0.956610,0.958591
0.952963,0.987525,0.919398,0.970429
0.961148,0.980207,0.950662,0.967143
0.967244,1.001690,0.962212,1.001200
0.998833,1.005040,0.982135,0.993431
0.992749,1.004960,0.986412,1.000080
1.004540,1.040720,0.983247,1.007860
1.014480,1.028600,1.002550,1.006300
1.006280,1.054660,0.998946,1.016860
1.016000,1.097520,1.001140,1.036600
1.022130,1.099880,1.014290,1.036210
1.047570,1.209810,1.000440,1.023690
1.022260,1.109980,1.019260,1.042440
1.043200,1.054430,1.011940,1.021600
1.020730,1.036210,1.002000,1.009510
1.012840,1.061110,1.010960,1.036280
1.035670,1.054860,1.021410,1.030570
1.031970,1.051990,1.019440,1.023880
1.026990,1.041870,1.022180,1.023220
1.023590,1.033700,1.008330,1.011640
1.009700,1.026700,1.009700,1.016800
1.016080,1.037390,0.995467,1.004830
1.002160,1.028190,0.996593,1.008980
1.017120,1.029170,1.002150,1.004760
1.003230,1.008210,0.998157,1.000670
0.999158,1.030520,0.998310,1.024370
1.024880,1.025620,0.996783,1.008170
1.006270,1.090000,1.000840,1.017760
1.029080,1.042620,1.003510,1.008390
1.008910,1.064360,1.006220,1.025160
1.029900,1.064800,0.995499,1.017430
1.012790,1.047440,1.007890,1.015620
1.020900,1.034070,0.978804,0.988584
0.988674,1.036560,0.976657,1.002820
1.002570,1.007260,0.982742,0.986406
0.986156,0.990411,0.956381,0.975272
0.975087,0.997024,0.951189,0.981361
0.981174,0.995994,0.967955,0.972902
0.972496,1.008580,0.969362,1.006000
1.006140,1.035190,1.003430,1.020500
1.019460,1.035360,0.998245,1.013150
1.012340,1.058090,0.970667,1.010100
1.010100,1.062350,0.988021,1.007130
1.010870,1.035340,0.995934,1.011790
1.012380,1.035970,1.004780,1.017800
1.016910,1.019300,0.997355,1.005830
1.010400,1.039710,1.005800,1.019970
1.019540,1.028220,1.009620,1.020260
1.013800,1.019770,0.992834,1.000750
0.999601,1.009400,0.987214,0.998828
1.000660,1.015750,0.994445,0.996460
0.995936,1.008000,0.995936,1.003600
1.002400,1.021090,1.000160,1.007990
1.008430,1.017050,0.997497,0.999725
0.999601,1.014010,0.998527,1.009920
1.005150,1.024210,0.991515,1.007950
1.017950,1.038980,0.998774,1.012290
1.007520,1.023200,0.995490,0.997456
0.999669,1.018680,0.999410,1.003830
1.000530,1.014820,0.994217,1.003000
1.002000,1.018950,0.988486,1.001970
1.002310,1.020690,0.969665,0.999161
0.988208,1.014460,0.983970,0.996888
0.995021,1.022860,0.982123,0.998216
1.001420,1.030900,0.980136,1.003090
0.990980,1.015180,0.976702,0.986866
0.998636,1.017030,0.984893,0.997202
0.999612,1.003910,0.986424,0.993200
0.994773,1.006220,0.990375,0.997761
0.999919,1.002590,0.988839,0.993997
0.994284,1.019190,0.984754,0.999802
0.998645,1.012570,0.989915,0.996955
0.998839,1.006880,0.991769,0.997275
0.996060,1.006800,0.990485,1.001940
0.999755,1.005420,0.993449,0.996619
0.996776,1.004470,0.991188,0.998868
1.000030,1.006950,0.995719,1.000920
1.002780,1.019320,0.988123,0.996819
0.996581,1.008800,0.985239,1.001430
1.002570,1.006650,0.955404,0.969304
0.968452,1.010650,0.966326,1.004350
1.004500,1.025810,0.991505,0.998314
1.001850,1.011620,0.993119,1.001040
0.999468,1.005510,0.990056,0.996254
0.994220,1.009660,0.989566,1.001510
0.999236,1.010490,0.993707,1.002860
0.998799,1.007700,0.988217,0.992991
0.996635,1.007940,0.988428,1.000890
1.000890,1.012000,0.995213,1.001130
1.000500,1.015180,0.980414,0.998616
0.995682,1.006210,0.990626,0.998163
1.000360,1.024970,0.994513,1.001530
0.998963,1.010610,0.991915,1.001200
1.000660,1.011850,0.989070,1.007950
1.007930,1.030260,0.984905,1.013330
1.007920,1.036140,0.980183,1.002740
0.997167,1.016100,0.983909,0.996629
0.999538,1.009920,0.990459,0.999263
1.001210,1.015100,0.990916,1.006520
1.004290,1.012760,0.991684,1.002010
0.999332,1.013980,0.990714,1.004920
1.004740,1.015650,0.998112,1.002860
1.003990,1.006060,0.995768,0.998932
1.000130,1.006160,0.997090,1.002940
1.002430,1.010500,0.995565,1.001060
1.002530,1.016810,0.995690,1.001520
1.001700,1.007210,0.996119,1.000740
1.000060,1.008230,0.999514,1.003120
1.004050,1.013730,1.000540,1.004370
1.004590,1.040820,0.998739,1.017880
1.014060,1.027870,0.999620,1.002230
1.002590,1.045130,0.997741,1.030550
1.026330,1.044260,0.999893,1.004230
1.005900,1.045220,1.000260,1.005090
1.003840,1.012470,0.995770,1.001350
1.001750,1.050770,0.997327,1.006890
1.013010,1.015000,0.998370,1.001250
1.003430,1.020600,0.996180,1.005450
1.004100,1.018530,0.990974,1.001070
1.001260,1.015090,0.996226,1.005290
1.001630,1.021050,0.991963,1.002540
1.002690,1.026140,0.979949,1.003130
1.003780,1.030250,0.966404,1.005370
1.002540,1.036110,0.991210,1.001990
1.007330,1.014420,0.992028,1.006570
1.002210,1.012580,0.992399,1.002410
1.001720,1.013670,0.995487,1.001850
1.004320,1.005000,0.988993,1.004540
0.997446,1.015230,0.994434,1.004720
1.005160,1.012010,0.998901,1.004590
1.000810,1.010160,0.997654,1.002090
1.001790,1.008850,0.999100,1.002930
1.003160,1.007530,0.984388,1.001300
1.000840,1.006530,0.995946,1.002590
1.001280,1.004060,0.991286,1.000640
1.000090,1.011830,0.995264,1.001790
0.998357,1.020900,0.994503,0.999863
1.000420,1.002150,0.993904,0.996488
0.997266,1.002170,0.994993,0.999924
0.998088,1.004760,0.995807,1.001700
1.001880,1.007820,0.998800,1.000120
1.001910,1.009980,0.997725,1.001250
1.000270,1.006750,0.996433,1.000300
1.000420,1.006410,0.998001,1.001090
0.999588,1.004770,0.992831,0.999320
0.998110,1.002910,0.995330,0.998442
0.998897,1.008550,0.994415,0.999780
1.000380,1.003950,0.996522,0.999441
0.997962,1.003100,0.997106,0.998625
0.999843,1.004860,0.990707,0.997423
1.000090,1.016270,0.992697,1.000050
1.000500,1.004980,0.995903,0.999709
1.000400,1.011540,0.992759,0.999242
0.998000,1.013480,0.984020,0.998010
0.998252,1.017300,0.981165,0.999335
0.998946,1.012430,0.991487,1.002680
1.002420,1.007380,0.996000,1.000660
1.000990,1.011900,0.997444,1.001020
1.000750,1.014970,0.992774,1.000930
0.999920,1.007950,0.996909,1.001930
1.001360,1.010760,0.993556,0.996536
0.994611,1.018910,0.985114,1.002750
1.002240,1.009110,0.995853,1.002260
1.002290,1.006350,0.997739,0.999868
0.999916,1.005890,0.996415,1.000070
0.999838,1.005380,0.998318,1.003960
1.002510,1.008830,0.991302,1.001110
1.001060,1.004450,0.994665,1.000580
0.998327,1.004160,0.996871,1.000710
1.001110,1.003860,0.995643,1.001550
0.999853,1.035890,0.996339,1.001000
0.999063,1.013610,0.996363,1.006320
1.004500,1.014000,0.994864,1.002090
1.000770,1.006120,0.995977,0.998800
1.002380,1.006790,0.993269,1.003380
0.999882,1.008210,0.997083,1.005660
1.004490,1.042230,0.994842,1.011960
1.010870,1.013270,0.996515,1.008180
1.006500,1.024230,0.995486,1.006010
1.005980,1.026210,0.995799,1.008990
1.006020,1.105910,0.967601,1.012470
1.004480,1.029290,0.975103,1.009350
1.005240,1.013430,0.996898,1.006830
1.004580,1.011630,1.000250,1.003180
1.005820,1.010890,0.993232,1.002120
0.995758,1.011810,0.995758,1.001390
1.000650,1.009180,0.996340,1.002310
1.002370,1.007490,0.996693,1.002440
1.001380,1.002980,0.996538,1.001920
1.003470,1.011200,0.988572,0.996047
0.997427,1.003400,0.992789,1.000150
0.998658,1.006340,0.992239,0.994631
1.004140,1.007130,0.988004,1.002330
1.002320,1.009070,0.995076,1.005410
1.004220,1.017420,1.000560,1.008680
1.006750,1.020170,0.998126,1.001290
1.002870,1.006480,0.996048,1.000140
1.000130,1.048450,0.955618,0.990606
1.003860,1.028670,0.989319,1.008100
1.007200,1.019210,0.993043,1.009780
1.008950,1.016770,0.995611,0.999654
1.001020,1.029540,0.985320,1.000660
1.002450,1.014050,0.992132,1.003670
1.003510,1.008370,0.996458,1.001970
0.999760,1.020040,0.995840,1.009910
1.007070,1.076950,1.001070,1.031660
1.036330,1.057660,0.986563,1.017600
1.020580,1.047260,0.993560,1.017130
1.022060,1.044660,0.971536,1.017750
1.012720,1.029630,0.999950,1.018560
1.018820,1.081670,1.000870,1.077880
1.080950,1.088000,1.019460,1.027160
1.026720,1.051420,1.006690,1.008190
1.009820,1.018730,0.995525,1.016100
1.017360,1.019370,1.001820,1.007420
1.011740,1.016400,1.002860,1.009240
1.010520,1.018300,0.995740,1.013020
1.013130,1.033970,0.996768,1.010680
1.008410,1.019190,0.989079,1.000180
1.002310,1.040410,0.993811,1.009210
1.006350,1.059090,0.963089,1.017950
1.012390,1.052000,1.007260,1.045260
1.050710,1.069220,1.021830,1.023030
1.026480,1.031720,1.008940,1.011130
1.010490,1.017320,0.998580,1.004070
1.004690,1.014840,0.996458,1.003660
1.003310,1.033060,1.000550,1.006590
1.010950,1.015190,1.000880,1.005640
1.007720,1.034780,0.992842,1.021350
1.024310,1.024310,1.000270,1.012260
1.012550,1.015360,1.001530,1.007280
1.005740,1.009880,0.993250,1.004900
1.006600,1.023280,1.002640,1.013440
1.013200,1.016180,0.993822,1.002530
1.001750,1.005010,0.985915,0.998634
1.000280,1.012090,0.996847,1.008990
1.007270,1.015720,0.998208,1.001570
1.005140,1.042360,0.997617,1.009320
1.008580,1.014300,1.000660,1.005990
1.005150,1.013820,0.996446,1.001280
0.999976,1.023520,0.990198,1.001710
1.006250,1.019100,0.997711,1.006080
1.004130,1.012560,0.996576,1.002020
1.004360,1.040310,1.000640,1.016120
1.015390,1.024000,1.001720,1.006620
1.006770,1.046450,0.999001,1.034150
1.032870,1.069890,0.997739,1.014530
1.017260,1.039900,1.001270,1.023110
1.023320,1.042220,1.002490,1.004540
1.006990,1.013500,0.991443,1.001110
1.002920,1.026610,0.997069,0.999861
1.004000,1.019310,0.991510,1.005040
1.004000,1.019530,0.984474,1.005050
1.000840,1.030700,0.992246,0.997484
1.005530,1.012740,0.987358,0.999595
0.997571,1.021540,0.985767,1.004140
1.002810,1.009800,0.992227,0.993325
0.996548,1.001100,0.981275,0.988790
0.988440,1.001580,0.981718,0.995319
0.998672,1.012380,0.975436,0.986486
0.992538,1.002600,0.971403,0.990274
0.991558,1.011610,0.954771,0.986939
0.986294,1.020230,0.925144,0.990747
0.994071,1.015870,0.982879,1.001310
1.004380,1.010130,0.975209,1.010130
0.995794,1.016280,0.944777,0.996308
0.978500,1.020170,0.958318,1.010090
1.002150,1.019890,0.984647,1.001400
0.994970,1.034030,0.987534,1.018910
1.021090,1.048180,0.995049,1.002110
1.003480,1.014950,0.993346,1.003700
1.004920,1.012520,0.992728,0.999251
1.000210,1.007960,0.990812,1.000090
1.000800,1.008650,0.995931,1.001100
0.997715,1.006810,0.993292,1.000770
1.005040,1.019210,0.997203,1.005410
1.005040,1.010020,0.996746,1.002100
1.004740,1.011610,0.996919,1.003700
1.004680,1.016190,0.998832,1.005190
1.001330,1.006080,0.994041,1.000610
1.000650,1.009610,0.994081,1.000610
1.005360,1.010390,0.988699,1.000970
1.001530,1.010750,0.993998,1.004090
1.008450,1.009660,0.993702,1.001570
1.001140,1.014000,0.993887,1.002840
1.004790,1.009000,0.996229,1.000340
0.997664,1.009520,0.989677,0.999561
0.998677,1.008470,0.991642,1.000520
1.003290,1.007050,0.992791,0.998903
0.999847,1.005180,0.995679,1.000420
0.998189,1.005600,0.994439,0.999730
0.995248,1.006190,0.993477,1.000870
1.000190,1.004950,0.995287,0.997612
0.997521,1.001720,0.995019,0.998864
1.005040,1.005960,0.996260,1.000500
0.998354,1.024120,0.981378,1.002480
1.001530,1.011340,0.985734,1.005910
0.999723,1.013490,0.988564,1.001660
0.997607,1.013480,0.994936,1.005190
1.003470,1.013560,0.994709,1.003840
1.000180,1.014080,0.988530,1.002350
1.001840,1.012090,0.987195,0.999843
0.996581,1.020330,0.991337,1.002750
1.000660,1.011920,0.984939,1.001280
0.997509,1.011510,0.989567,0.998551
1.001550,1.009590,0.990731,1.001620
1.005170,1.013520,0.979781,1.003080
0.982194,1.020820,0.982194,0.989867
1.006020,1.006330,0.989570,0.996832
0.996938,1.009010,0.992647,0.999244
0.999460,1.011180,0.993468,0.998982
0.999221,1.008610,0.990235,0.990235
1.001640,1.009100,0.994299,1.009100
1.000120,1.010180,0.994482,0.999686
0.996600,1.013080,0.983682,1.003410
1.002420,1.012920,0.989473,1.001610
1.002280,1.009990,0.993721,0.999204
1.002600,1.011020,0.982472,0.998623
0.995897,1.008470,0.979633,0.998943
0.997014,1.008490,0.993569,1.000770
0.995702,1.009850,0.980778,0.999810
1.003330,1.007250,0.988060,1.000130
0.997587,1.007040,0.995073,1.000370
1.003980,1.014520,0.994270,1.000830
1.002050,1.009760,0.987434,1.002530
1.000310,1.011010,0.991376,1.001090
1.001740,1.005780,0.986520,0.999644
1.001530,1.005800,0.995091,0.996809
0.997541,1.008900,0.993393,0.997555
0.996953,1.003710,0.991744,0.997356
0.997593,1.002390,0.992521,1.000250
0.996408,1.020590,0.986025,0.996831
0.995839,1.009890,0.989434,0.998895
1.001830,1.009680,0.993994,0.999766
0.996308,1.005940,0.986564,0.998602
0.998884,1.010270,0.995754,0.997592
0.997217,1.006280,0.991320,0.998556
1.000660,1.008530,0.983284,0.997609
0.997907,1.002840,0.992889,0.997185
0.997550,1.004910,0.988285,0.998338
0.997071,1.009780,0.993816,0.999014
1.004310,1.011150,0.989191,0.996196
0.995130,1.003990,0.988780,0.997847
0.998974,1.007450,0.990297,1.004760
1.005090,1.017050,0.986074,0.991809
1.002260,1.009160,0.992381,0.999614
1.002050,1.008480,0.995122,1.004150
1.000780,1.008810,0.991015,0.999335
0.998866,1.013780,0.992304,0.998016
0.997553,1.012830,0.992921,0.998919
1.000250,1.012010,0.993633,1.003490
1.000620,1.004650,0.992736,0.997464
0.996267,1.005270,0.993920,0.997973
1.005810,1.005810,0.992204,0.998561
0.999448,1.001320,0.992373,0.996284
0.995906,1.008150,0.992321,0.997202
0.995351,1.006930,0.990850,0.997237
0.998745,1.008280,0.994675,1.002120
1.002020,1.006990,0.993117,1.000510
0.999422,1.011130,0.995984,1.001340
1.004070,1.013630,0.982996,1.002250
0.999750,1.019340,0.984735,1.001100
1.000490,1.006520,0.993248,1.003250
1.001970,1.011070,0.989507,1.001270
1.000540,1.013020,0.993853,1.001140
1.002150,1.013430,0.990384,0.999950
1.000620,1.007700,0.996747,1.000190
1.002490,1.004350,0.993732,1.001110
1.000210,1.006950,0.994250,1.000360
1.001470,1.004660,0.990756,0.999117
0.999592,1.007540,0.996845,1.002970
1.003130,1.006490,0.996062,1.002970
1.000770,1.013920,0.996053,1.004020
1.001350,1.012490,0.993728,0.998818
0.999292,1.014000,0.990553,1.000440
1.002970,1.008650,0.982905,0.999890
1.001760,1.006850,0.991551,0.999182
1.000570,1.010730,0.987478,1.002490
0.999270,1.009810,0.985790,1.000680
0.999487,1.009820,0.995158,0.999727
1.002000,1.007480,0.994691,0.998003
0.999088,1.008650,0.994694,1.000990
1.000180,1.005640,0.986231,0.993530
0.992030,1.003760,0.986847,1.000100
0.997714,1.006800,0.995257,1.000520
0.999263,1.011460,0.990879,1.001020
0.997917,1.012610,0.990877,1.000690
0.999463,1.005730,0.996242,0.998750
0.999940,1.008390,0.994330,1.001790
1.002060,1.012210,0.999194,1.006080
1.009370,1.015320,0.989031,0.998215
1.005300,1.010290,0.991656,1.001930
1.004040,1.019090,0.998669,1.000770
1.004750,1.025770,0.994316,1.003530
1.001950,1.011960,0.993035,1.003950
1.001630,1.013160,0.995103,1.006950
1.003870,1.012480,0.987984,1.004240
1.004870,1.007130,0.998453,1.005480
1.003390,1.011180,0.991164,1.002830
1.003630,1.006340,0.994846,1.000220
1.001710,1.010210,0.994434,0.998829
1.000540,1.005980,0.994075,1.000530
1.001240,1.026370,0.990974,1.003000
1.001370,1.012700,0.990621,1.001980
0.998875,1.022490,0.971736,1.005100
1.004870,1.008910,0.984719,1.000620
0.998834,1.009640,0.990512,1.000560
1.002390,1.006210,0.981484,0.997935
0.998823,1.004400,0.989789,0.997193
0.996047,1.011700,0.990261,1.003330
1.003010,1.010140,0.992682,0.999192
0.997323,1.006050,0.997016,0.998821
0.999402,1.002740,0.993193,0.998859
0.997445,1.003680,0.995343,1.000320
0.998857,1.003740,0.993437,0.999195
1.001170,1.011130,0.999482,1.006140
1.007010,1.011240,0.998692,1.003160
1.001700,1.007880,0.989028,1.006210
1.004610,1.009510,1.001270,1.004250
1.004600,1.014180,1.001420,1.007500
1.007310,1.011600,0.997819,1.001200
1.000910,1.010790,0.998898,1.001160
1.002280,1.007610,0.994467,0.999070
0.999377,1.010030,0.995791,1.001420
1.002250,1.006800,0.998031,1.002650
1.002380,1.004410,0.996664,0.998352
0.998966,1.002180,0.988297,0.999139
1.002310,1.005840,0.979782,1.000130
0.999476,1.005320,0.993404,1.002210
1.000810,1.004170,0.993331,0.998088
0.998921,1.007170,0.994279,1.001030
1.001300,1.004220,0.995731,1.000040
1.001220,1.010620,0.994756,0.999843
1.000830,1.000830,0.991952,0.997496
0.997918,1.000730,0.993390,0.996505
0.992372,1.002070,0.985008,0.998791
0.996740,1.003750,0.992867,0.997951
0.999553,1.004390,0.991179,0.997118
0.995606,1.002690,0.995606,0.997887
0.996403,1.001610,0.995105,0.998919
0.999317,1.007150,0.993987,0.998910
0.999708,1.007550,0.995340,0.999507
0.999215,1.004450,0.994754,0.999409
0.998746,1.002770,0.995199,1.000660
1.001380,1.004090,0.995755,0.999095
1.000190,1.004560,0.993336,0.998505
0.997972,1.002610,0.996254,0.999347
1.001840,1.003200,0.998169,1.000950
0.999416,1.026230,0.995265,1.001540
1.001640,1.017030,0.991345,1.001690
1.000740,1.006800,0.979456,1.004240
1.001340,1.014620,0.991889,1.001580
1.000340,1.009850,0.978541,1.009850
1.005870,1.007280,0.994930,1.000490
1.000920,1.020540,0.994659,1.003930
1.004330,1.017920,0.991974,0.997543
0.995030,1.008410,0.993253,1.001250
1.000540,1.010580,0.993986,1.001220
1.003900,1.012000,0.994058,0.997761
1.002420,1.014000,0.996478,1.002860
1.005370,1.008220,0.996864,1.000520
1.000190,1.017390,0.997007,1.005390
1.008140,1.008270,0.995364,1.000700
1.000490,1.011780,0.981115,1.000350
1.001350,1.004250,0.993635,0.998976
0.998429,1.008960,0.994293,1.001780
0.998537,1.003820,0.995268,1.001000
1.003210,1.007950,0.997750,0.999227
1.001640,1.006410,0.983211,0.997802
0.997670,1.003490,0.991961,0.999395
1.000190,1.015030,0.991106,1.000660
0.999735,1.005120,0.992116,1.000030
1.001510,1.008550,0.996037,1.003510
1.001700,1.003750,0.985154,0.996813
0.996865,1.007660,0.993394,0.997839
0.995396,1.004070,0.993010,0.998642
0.999627,1.004260,0.993396,0.999517
0.999856,1.030770,0.997398,1.007950
1.006350,1.033310,0.989162,1.000910
1.003090,1.014750,0.996252,1.006360
1.006280,1.019540,0.997322,1.004280
1.002340,1.015800,0.968354,1.004980
0.998831,1.010880,0.995038,1.001280
0.996450,1.016580,0.996450,1.004540
1.003160,1.013680,0.989434,1.001250
1.000730,1.009390,0.986957,1.006350
0.998975,1.019410,0.988274,1.002360
1.006940,1.009250,0.993745,1.000860
1.004390,1.014070,0.995185,1.000960
0.999014,1.011770,0.995283,1.004110
1.007800,1.007800,0.980623,1.002250
1.006190,1.012160,0.964570,1.000690
0.999453,1.006420,0.990492,1.001540
0.998697,1.017960,0.975145,0.994428
0.992045,1.015600,0.982721,1.000920
0.996163,1.009750,0.992725,0.999512
0.999409,1.013100,0.994282,1.000630
1.005360,1.011400,0.993060,1.000440
1.002240,1.009950,0.990897,1.002130
1.001290,1.008600,0.977865,0.997107
0.994787,1.013500,0.988149,1.001420
1.002300,1.006250,0.990836,0.999602
1.001520,1.007650,0.991041,1.000360
0.996818,1.009190,0.993728,0.997925
0.995380,1.004700,0.993995,0.999741
1.003870,1.009070,0.991395,0.998569
0.998340,1.003060,0.988396,0.996185
0.996195,1.003210,0.989995,0.995778
0.996503,1.004230,0.995775,0.997177
0.997938,1.003750,0.992553,0.996617
0.996229,1.000110,0.990055,0.995814
0.996374,0.999826,0.991899,0.996779
0.995332,1.001830,0.990803,0.993502
0.992934,1.017550,0.987252,0.993026
0.998704,0.998704,0.983670,0.994102
0.995036,0.995455,0.984940,0.988046
0.987869,0.995905,0.984209,0.989570
0.993084,0.993084,0.925284,0.980138
0.979243,0.985358,0.969406,0.975152
0.977078,0.978690,0.966323,0.971225
0.972522,0.985084,0.967321,0.980858
0.981291,0.989284,0.978021,0.987712
0.988241,0.990877,0.977601,0.983831
0.984348,0.988854,0.974997,0.983548
0.985726,0.995210,0.976333,0.983998
0.984913,0.990374,0.982528,0.987962
0.986011,0.988612,0.982466,0.988612
0.990443,0.991490,0.984888,0.988791
0.988571,0.990475,0.981313,0.989789
0.987778,0.997335,0.987005,0.993097
0.995223,0.998892,0.991548,0.998453
0.996364,1.005510,0.991676,0.996859
0.995925,0.999797,0.984211,0.996671
0.998544,1.011240,0.983885,0.988122
0.987386,1.017880,0.987285,0.991720
0.990714,0.996147,0.976929,0.993501
0.993098,1.006050,0.992882,0.999433
0.999020,1.001540,0.945723,0.988708
0.989849,1.007210,0.989849,0.993176
0.994805,0.996876,0.987816,0.992796
0.993524,0.998494,0.989453,0.993270
0.992254,0.999743,0.989538,0.994333
0.994384,0.999944,0.988750,0.994832
0.995397,0.998994,0.990663,0.997180
0.997203,1.000270,0.990462,0.990462
0.990272,0.997591,0.987200,0.989148
0.987837,0.994797,0.979940,0.985118
0.983200,1.003050,0.964191,0.966644
0.972578,0.992574,0.962447,0.982022
0.983179,0.992339,0.979035,0.987027
0.989956,0.992895,0.984771,0.985869
0.985216,0.994970,0.983333,0.992533
0.993963,1.004620,0.976188,0.982730
0.977554,0.993013,0.950014,0.968799
0.973448,0.996446,0.964658,0.987504
0.984784,0.999798,0.980565,0.998188
0.990912,1.001400,0.975762,0.982570
0.981850,0.993022,0.964871,0.980224
0.978475,0.990603,0.961215,0.980969
0.975026,0.992572,0.967920,0.977243
0.978976,0.991699,0.966279,0.984260
0.983320,1.006370,0.980093,0.998622
0.995164,1.006404,0.992057,0.997377
0.996603,1.005014,0.986517,0.991823
0.994961,1.015895,0.982213,1.001052
0.999841,1.003752,0.993351,0.998372
0.996676,1.010931,0.989048,0.996594
0.995331,1.007290,0.984014,1.000031
1.000822,1.004314,0.986742,0.992966
0.991397,1.005144,0.982076,0.998296
0.998803,1.013941,0.990759,1.001431
1.002306,1.021506,0.996744,1.019975
1.017111,1.020405,1.008543,1.015502
1.015180,1.023729,1.011808,1.016604
1.017824,1.021622,1.005130,1.009794
1.014286,1.017557,1.006416,1.009756
1.010316,1.012885,0.996699,1.003378
1.003172,1.008387,0.996187,1.002197
1.003697,1.008333,0.998623,1.004989
1.005020,1.010840,0.997030,1.006336
1.006968,1.015379,0.995431,1.009941
1.009849,1.016357,1.002254,1.012868
1.010798,1.023478,1.009615,1.022362
1.024024,1.035000,1.012310,1.019417
1.023134,1.028378,1.008039,1.015506
1.011560,1.021170,1.008750,1.020806
1.015361,1.026376,1.012315,1.015955
1.016058,1.030691,1.004486,1.015777
1.017006,1.032885,1.008905,1.019050
1.021943,1.032330,1.011707,1.019550
1.023169,1.043492,1.015800,1.024174
1.022574,1.032146,0.997092,1.023160
1.023953,1.048695,1.015617,1.031473
1.030514,1.035273,1.016393,1.019086
1.019732,1.024750,1.007896,1.013722
1.015285,1.020800,1.008603,1.018335
1.017530,1.024012,1.011833,1.024012
1.020654,1.026825,1.018287,1.019473
1.023557,1.024858,1.010810,1.017200
1.015526,1.026343,1.010341,1.018489
1.018144,1.026202,1.004842,1.023578
1.022354,1.024765,1.012342,1.013987
1.014370,1.022404,1.012895,1.019350
1.019820,1.022186,1.010304,1.016830
1.017540,1.048181,1.016433,1.023460
1.027638,1.028171,1.019960,1.023316
1.024718,1.028175,1.016867,1.020881
1.020771,1.038370,1.016311,1.020091
1.020209,1.026232,1.012640,1.020856
1.019027,1.026775,1.017698,1.020558
1.022128,1.024284,1.015211,1.018522
1.016773,1.019201,1.012447,1.017495
1.016446,1.020454,1.012988,1.017251
1.012935,1.020656,1.010033,1.016782
1.016902,1.027488,1.013159,1.017146
1.015524,1.022611,1.005967,1.013376
1.013345,1.015291,1.006864,1.009036
1.009868,1.013329,1.007286,1.008297
1.008823,1.012004,1.004546,1.008540
1.010200,1.012899,1.007359,1.010522
1.010028,1.013939,1.004258,1.009264
1.010585,1.014894,1.004917,1.008717
1.009405,1.013744,1.006082,1.008830
1.008276,1.012523,1.006017,1.009438
1.009322,1.011844,1.004905,1.007188
1.006665,1.009431,1.004127,1.006490
1.004796,1.010730,1.001006,1.006309
1.005152,1.007813,1.001003,1.002700
1.000946,1.006285,0.998111,1.000047
1.001506,1.003504,0.997637,0.999826
0.998435,1.004945,0.995501,0.999532
0.999498,1.012878,0.992881,1.001003
1.001478,1.003246,0.998545,1.001078
1.000944,1.009079,0.986769,1.001943
1.003914,1.006346,0.998761,1.000295
1.001047,1.008177,0.999930,1.004217
1.004242,1.012470,1.001532,1.003165
1.003142,1.007925,0.998774,1.003979
1.004545,1.007271,0.999526,1.003968
1.004186,1.010439,1.001463,1.006482
1.006787,1.008657,1.001834,1.003441
1.002052,1.007322,0.998947,1.003264
1.004478,1.006388,0.992513,1.000956
1.001612,1.014438,0.996481,1.005453
1.004316,1.012093,1.002420,1.007616
1.008907,1.013528,1.002504,1.006978
1.007223,1.011702,1.002520,1.004418
1.003578,1.009735,1.000010,1.008540
1.010561,1.010940,1.000341,1.008529
1.008752,1.049116,1.002620,1.012046
1.012325,1.022118,1.006421,1.015052
1.012975,1.020514,1.007786,1.010847
1.012707,1.022005,1.005892,1.009045
1.008015,1.019383,1.005397,1.010067
1.009786,1.016391,1.005785,1.006868
1.006662,1.014362,1.005656,1.011416
1.008331,1.014543,1.006855,1.010220
1.008603,1.017043,1.007319,1.011617
1.010793,1.013756,1.004794,1.011154
1.011154,1.017165,1.007226,1.010583
1.009663,1.016559,1.007270,1.008475
1.008566,1.016337,1.004721,1.009525
1.010375,1.012123,1.005148,1.005976
1.008716,1.011491,1.004800,1.008822
1.008635,1.013145,1.006131,1.008780
1.008256,1.012770,1.001821,1.006598
1.007398,1.016288,1.005952,1.010083
1.010317,1.016578,1.006888,1.010707
1.010434,1.012646,1.006139,1.009801
1.009927,1.015252,1.003361,1.010961
1.010673,1.015216,1.008608,1.009218
1.010474,1.014227,1.006531,1.010947
1.011357,1.018780,1.010004,1.014010
1.015147,1.015905,1.005498,1.010557
1.010842,1.016764,1.009333,1.011736
1.011710,1.014298,1.007262,1.007622
1.008125,1.012631,1.005203,1.007352
1.007971,1.010237,1.004328,1.005638
1.007153,1.011910,0.998030,1.007552
1.006277,1.010339,1.003724,1.010339
1.010719,1.015623,1.008342,1.012253
1.012345,1.018021,1.003277,1.010852
1.010811,1.011638,0.995190,0.998496
0.997396,1.053421,0.993254,1.000349
1.000289,1.003991,0.998000,1.000559
1.000573,1.006426,0.997745,1.003026
1.003349,1.034416,0.992272,1.008167
1.007766,1.038206,1.000985,1.007502
1.007112,1.013063,1.000525,1.005421
1.004662,1.010812,0.999635,1.007010
1.007204,1.014983,0.997995,1.003663
1.003286,1.011787,1.000392,1.004601
1.004916,1.019280,0.999769,1.008983
1.008776,1.017258,1.005964,1.007853
1.007969,1.022735,0.999955,1.003762
1.003606,1.018941,1.001735,1.005609
1.005462,1.012823,1.002600,1.007195
1.006974,1.011889,1.004573,1.006739
1.006545,1.008820,1.002623,1.005378
1.005107,1.015139,0.998905,1.001210
1.001535,1.012664,0.997263,1.010522
1.011073,1.014090,1.004966,1.006307
1.006157,1.008089,1.002496,1.004995
1.004970,1.010451,1.002228,1.005918
1.005977,1.007578,1.001281,1.005203
1.005470,1.013891,1.004422,1.006657
1.006831,1.011147,1.004177,1.006089
1.006354,1.010820,0.997461,1.008323
1.008791,1.018929,1.004904,1.005564
1.005538,1.019383,0.985255,0.992808
0.994202,0.996570,0.974206,0.991103
0.991367,0.997290,0.989233,0.994751
0.994657,1.000095,0.992294,0.993873
0.993907,1.002910,0.993003,1.000370
1.000509,1.008191,0.998057,1.006049
1.006174,1.009833,1.000496,1.002150
1.002020,1.006113,0.998570,1.001149
1.001253,1.013887,0.997101,1.001222
1.001277,1.012474,0.998155,1.000478
1.000799,1.004967,0.994595,1.002276
1.001939,1.006267,0.995643,0.999546
0.999558,1.010246,0.994040,0.998015
0.998043,1.007947,0.993184,1.001374
1.001268,1.003641,0.996554,0.999281
0.998959,1.006171,0.991036,1.001102
1.000798,1.013837,0.996983,1.000759
1.002442,1.014652,0.994844,0.995634
0.995625,1.014761,0.990648,1.005109
1.003668,1.011338,0.993394,1.000001
1.000010,1.008218,0.996158,1.002776
1.001832,1.014593,0.991531,0.999040
0.999802,1.015159,0.976610,0.996773
0.993393,1.008595,0.992881,0.996640
0.997268,1.016983,0.993213,1.010610
1.010866,1.020728,0.995786,1.003848
1.003909,1.009572,0.999932,1.005497
1.005874,1.011281,0.994682,1.001399
1.001533,1.006327,0.995199,1.004428
1.004362,1.011021,1.001385,1.003004
1.003461,1.008929,1.001996,1.003458
1.003241,1.017147,0.995218,1.009858
1.011273,1.030330,1.001008,1.004945
1.007799,1.009401,0.998150,1.000010
1.000489,1.005506,0.997401,1.001285
1.001520,1.024071,0.994909,1.001971
1.001620,1.006631,0.993182,1.003473
1.003036,1.009845,0.998526,1.003931
1.001471,1.010486,0.996735,1.002115
1.002270,1.010993,0.993830,0.999562
1.000406,1.007579,0.987746,0.995063
0.995753,1.012735,0.994518,1.005081
1.005355,1.014591,0.997716,1.003670
1.004479,1.011645,1.001242,1.006650
1.005922,1.009182,1.001641,1.004727
1.004949,1.008193,0.998939,1.002971
1.002038,1.010395,0.998146,1.005629
1.006020,1.011681,0.998849,1.005074
1.005262,1.011649,1.001017,1.002928
1.003161,1.008410,0.999458,1.001899
1.002551,1.007750,0.999992,1.006155
1.006145,1.010230,1.002251,1.005560
1.005503,1.015904,1.000046,1.002959
1.003020,1.009536,1.001576,1.004986
1.004446,1.010090,0.998535,0.999952
0.999570,1.004625,0.998373,1.002128
1.002471,1.005752,0.995611,1.000227
1.000586,1.009785,0.998090,1.002799
1.003569,1.021251,0.992758,0.995817
0.996571,1.005359,0.991742,0.996691
0.995528,1.002004,0.993718,0.997842
0.997399,1.005223,0.993757,0.999333
0.999653,1.012476,0.984076,0.991819
0.992220,1.006298,0.970494,0.985739
0.986239,1.006803,0.978437,1.000664
1.001052,1.011554,0.990677,0.998604
1.001216,1.004440,0.986766,0.992487
0.991538,1.000649,0.984395,0.996052
0.995718,1.006014,0.976975,1.002880
1.003371,1.012258,0.993842,1.005015
1.004773,1.013515,0.997044,0.999929
1.000047,1.006241,0.995091,1.001669
1.001392,1.009563,0.994577,0.997410
0.997018,1.008509,0.994346,1.002450
1.002688,1.009988,0.995300,1.004626
1.004736,1.018833,1.000392,1.002220
1.001773,1.014175,0.995900,0.999782
1.000290,1.009433,0.994273,0.996514
0.996719,1.010216,0.994522,1.006676
1.006921,1.009756,0.993898,0.998694
0.998877,1.008730,0.995528,0.999995
1.000772,1.012111,0.991671,1.008286
1.007769,1.012425,0.989860,0.995924
0.996799,1.010031,0.989308,1.006266
1.006157,1.011872,0.990635,1.008852
1.008517,1.019641,0.995676,1.002974
1.003122,1.014997,0.998099,1.005038
1.005188,1.009369,0.995798,1.000783
1.000632,1.013169,0.991956,1.000396
1.000026,1.004225,0.992193,0.997631
0.999094,1.009796,0.994108,1.003048
1.003362,1.012139,0.992710,1.003127
1.002877,1.008348,0.996531,1.003877
1.003693,1.021221,0.994444,0.998904
0.997934,1.010070,0.984961,1.002236
1.002078,1.005637,0.991145,1.000521
1.000731,1.005679,0.994308,1.003176
1.002522,1.007781,0.998329,1.003750
1.003555,1.009190,0.999278,1.006068
1.006174,1.014184,1.000367,1.001748
1.001453,1.016507,0.999940,1.004277
1.004071,1.016374,0.998230,1.005068
1.005491,1.015345,0.999468,1.009972
1.010223,1.020618,0.994782,0.998211
0.997503,1.014018,0.994797,1.001961
1.002575,1.003547,0.992873,0.997454
0.997114,1.004550,0.995848,0.998742
0.998624,1.015681,0.994197,0.999664
0.999586,1.003358,0.993964,0.997650
0.997528,1.002986,0.996463,0.998427
0.998860,1.001146,0.992964,0.996607
0.996904,1.008766,0.991617,0.993267
0.993513,1.006048,0.989800,1.002768
1.003449,1.009421,0.989389,1.002429
1.002626,1.006528,0.994905,1.000918
1.000777,1.006359,0.995090,1.003422
1.003141,1.008052,0.999314,1.004276
1.004927,1.006229,0.997226,1.000555
1.000563,1.012456,0.988811,0.994472
0.994162,1.015007,0.989497,1.002980
1.002955,1.007340,0.995214,1.003907
1.003852,1.012367,0.994502,1.002637
1.002344,1.012711,0.997705,0.999559
0.998459,1.008044,0.990480,1.001347
1.001347,1.004902,0.994668,0.999137
0.997596,1.016189,0.995672,0.996918
0.996938,1.004317,0.990583,1.002594
1.002507,1.006286,0.997414,1.002090
1.002113,1.010828,0.998830,1.003744
1.003919,1.006601,0.997522,1.004573
1.004384,1.006297,0.995956,1.003085
1.003128,1.008949,0.997069,1.002552
1.002453,1.008128,0.997986,1.002481
1.002787,1.006123,0.997480,1.001045
1.001077,1.019100,0.997310,1.003400
1.003629,1.006852,0.996417,1.005914
1.006281,1.019240,0.999800,1.005253
1.003201,1.010137,0.993680,1.002489
1.002424,1.010988,0.997473,0.999806
1.000206,1.007151,0.994772,1.002407
1.002650,1.006980,1.000691,1.002317
1.001883,1.007705,1.000325,1.001374
1.002197,1.006147,0.998992,1.002235
1.002409,1.007639,1.000145,1.003904
1.003877,1.012914,0.997661,1.001626
1.001854,1.006908,0.998028,1.004886
1.005179,1.010160,1.002103,1.004889
1.005058,1.022025,0.996239,1.002989
1.003935,1.006411,0.998032,1.000951
1.000485,1.006575,0.999478,1.002354
1.002471,1.007005,0.997709,1.002634
1.003289,1.014063,0.998132,1.002548
1.002475,1.057203,0.996689,1.007158
1.005948,1.010672,0.997471,1.006749
1.006388,1.020350,0.995644,1.004431
1.004543,1.011024,0.999738,1.010344
1.009524,1.013974,0.998413,1.004628
1.004728,1.016153,1.001023,1.005677
1.005990,1.011501,0.997939,1.004109
1.003036,1.012346,0.998700,1.006396
1.006179,1.008218,1.001401,1.004245
1.004221,1.011716,0.998967,1.004948
1.004716,1.012306,1.003300,1.008841
1.008136,1.010389,0.999737,1.001932
1.001816,1.019164,1.001007,1.012087
1.011095,1.015279,0.997375,1.008524
1.007890,1.009039,1.000590,1.006120
1.006462,1.009744,0.995585,1.005719
1.005896,1.010396,0.998622,1.003237
1.003059,1.018588,0.994763,1.012352
1.012453,1.015668,1.000663,1.004475
1.004408,1.016600,1.000830,1.004942
1.004840,1.008063,0.994655,1.004195
1.004245,1.012876,0.998641,1.004050
1.004029,1.009975,0.999617,1.006127
1.005886,1.008694,1.001730,1.004207
1.004518,1.015143,1.000727,1.002739
1.002991,1.010280,0.997877,1.006851
1.006187,1.009882,0.997678,1.002886
1.002801,1.007546,1.001367,1.004178
1.004186,1.007601,1.001995,1.004490
1.004395,1.035239,0.999671,1.002449
1.001505,1.009338,0.982727,1.007428
1.007398,1.009731,0.976078,1.002172
1.002188,1.014726,0.969353,1.001595
1.001745,1.012699,0.977020,1.004242
1.002824,1.010933,0.978821,1.002855
1.004024,1.013063,0.992977,1.002135
1.002578,1.008731,0.999340,1.005853
1.006407,1.034387,0.998004,1.006419
1.006538,1.010720,1.000962,1.004101
1.004013,1.012195,0.997896,1.004758
1.005079,1.013134,0.998527,1.004447
1.004042,1.007734,0.993690,1.004343
1.004728,1.011055,0.996082,1.004743
1.005019,1.007361,1.000498,1.003033
1.003281,1.009146,0.997957,1.005732
1.005370,1.011406,0.998418,1.002498
1.002252,1.007227,0.998939,1.000189
1.000222,1.008127,0.988144,1.002694
1.002838,1.011561,0.997627,1.002438
1.002421,1.011233,0.997774,1.001398
1.001467,1.006890,0.999717,1.003175
1.002958,1.012151,0.998471,1.005582
1.006154,1.016355,0.995398,1.001369
1.001721,1.011755,1.001110,1.006746
1.006839,1.019175,1.004451,1.008471
1.008518,1.021421,1.004801,1.012008
1.012361,1.025752,1.000558,1.008968
1.008842,1.018470,1.002822,1.005440
1.005074,1.024559,0.998885,1.000411
1.000569,1.023217,0.991656,1.003045
1.003078,1.027841,0.998878,1.013130
1.013503,1.028642,1.002352,1.017519
1.014958,1.024747,0.993995,1.003114
1.003678,1.024980,0.995267,1.009773
1.004144,1.030667,0.981392,1.005027
1.004441,1.020440,1.000636,1.004080
1.003892,1.011348,0.992586,1.004521
1.004220,1.015051,0.998375,1.001703
1.001817,1.023198,0.995080,1.002481
1.002747,1.018812,0.991988,1.001681
1.001396,1.014242,0.991071,1.003135
1.003166,1.016163,0.981153,1.007939
1.007392,1.021286,0.997193,1.010072
1.009621,1.015071,0.997518,1.003428
1.003519,1.009677,1.001816,1.007412
1.007395,1.013036,1.002145,1.006376
1.006516,1.012264,0.997568,1.004253
1.004302,1.009310,0.999571,1.005855
1.006388,1.044161,0.979262,1.011923
1.010393,1.014405,0.999792,1.005837
1.005729,1.007308,0.996657,1.001751
1.001659,1.011503,0.997095,1.006088
1.005712,1.020721,0.983907,1.004616
1.004494,1.015155,0.993509,1.003986
1.004133,1.022001,0.992619,0.993339
0.998285,1.025073,0.991518,1.006128
1.006006,1.019553,0.992406,1.008569
1.008591,1.012658,0.997677,1.005842
1.005676,1.014122,0.987017,1.005758
1.005803,1.012777,0.999044,1.003887
1.004040,1.013420,0.993842,1.012136
1.012244,1.027292,0.998950,1.008587
1.008515,1.039319,0.991506,1.004661
1.004907,1.018677,0.993212,1.003988
1.003982,1.019878,0.994478,1.005803
1.005709,1.012015,0.999761,1.000307
1.006071,1.028689,0.999667,1.004210
1.004051,1.011578,1.001110,1.006175
1.005632,1.009868,0.997790,0.999679
0.999571,1.006873,0.994924,0.999836
0.999788,1.008451,0.986515,1.001565
1.001183,1.022286,0.988027,1.004192
1.003510,1.013633,0.999160,1.007472
1.009921,1.016161,1.001758,1.006197
1.006417,1.013589,0.999115,1.002903
1.003016,1.011154,0.998249,1.001723
1.002026,1.015951,0.990067,1.004253
1.002986,1.010140,0.993994,1.006573
1.004444,1.011692,0.994826,1.001462
1.001755,1.008078,0.993385,1.000091
0.999443,1.009358,0.994446,1.002478
1.001963,1.010098,0.998427,1.003347
1.004730,1.018959,0.991961,1.001821
1.002540,1.022493,0.991055,0.999656
1.000977,1.011167,0.993361,0.999231
0.999287,1.014135,0.989280,1.002879
1.001258,1.006991,0.993985,1.002741
1.000911,1.025912,0.993084,0.998535
0.998641,1.006623,0.995383,1.000688
1.000513,1.005882,0.995219,1.001418
1.001464,1.003516,0.997179,1.000595
1.000722,1.005093,0.996345,0.998409
0.999104,1.005414,0.992917,1.002970
1.003659,1.005684,0.996539,1.002113
1.001947,1.008337,0.997359,1.000504
1.001550,1.007147,0.993230,1.001900
1.002014,1.008240,0.991067,1.000760
1.001529,1.006268,0.993174,1.002296
1.003219,1.010996,0.997548,1.001452
1.002196,1.006945,0.997409,1.000648
1.000252,1.004949,0.997052,1.001216
1.001608,1.008179,0.996096,1.000544
1.001361,1.006674,0.994314,0.998913
0.999364,1.005063,0.996329,1.001745
1.001915,1.006473,0.993603,1.002838
1.002153,1.018247,0.996225,0.997216
0.997453,1.002750,0.994860,0.997751
0.998773,1.006553,0.994024,0.999534
0.999441,1.008029,0.995570,1.001473
1.001228,1.015191,0.995004,1.000640
1.000575,1.004830,0.991423,0.998423
0.998460,1.006328,0.994470,1.002559
1.003609,1.015832,0.991908,0.998579
0.998673,1.004086,0.995624,1.000114
0.999684,1.015225,0.996736,0.999128
0.998857,1.014185,0.995153,0.999272
1.000717,1.007495,0.992153,0.998474
0.998397,1.009064,0.989398,1.000759
1.000135,1.030959,0.996316,1.001324
1.002034,1.011155,0.993834,1.002594
1.002400,1.007204,0.993989,1.003138
1.001776,1.007241,0.997046,1.001829
1.002599,1.004223,0.992563,0.998017
0.999138,1.012556,0.996022,0.998800
0.998741,1.012580,0.993926,1.001454
1.001276,1.012716,0.993807,1.002742
1.002051,1.007461,0.992670,0.998413
0.998789,1.011133,0.991933,0.997089
0.996267,1.007848,0.993575,1.006368
1.006340,1.007101,0.995004,1.000498
1.001539,1.003555,0.994205,0.995000
0.994988,1.008388,0.993595,1.002497
1.001975,1.007567,0.996098,1.000622
1.000576,1.006060,0.996369,1.002522
1.002845,1.005908,0.997728,0.998430
0.998021,1.007726,0.997396,1.000182
1.000784,1.021794,0.997992,1.009775
1.009595,1.010424,0.991261,0.999048
0.997840,1.013297,0.993959,1.001721
1.001498,1.007742,0.994335,0.998806
0.998984,1.078518,0.968090,1.053585
1.039605,1.084802,0.899490,0.999629
1.000514,1.014207,0.990399,1.001621
1.000234,1.018570,0.991342,1.001987
1.000970,1.041390,0.977445,0.997004
0.997378,1.012998,0.955483,0.976145
0.973790,1.011257,0.970948,0.974248
0.973284,1.011362,0.953586,1.003193
1.002378,1.025659,0.963560,0.997556
0.997168,1.016045,0.986221,1.000950
1.000092,1.016014,0.984272,0.999032
1.000742,1.010272,0.965161,0.996812
0.996426,1.015909,0.987409,1.000473
1.004108,1.012374,0.991721,0.998594
0.998597,1.012367,0.995058,0.998483
0.998704,1.028757,0.992978,1.013318
1.014251,1.022956,0.994298,0.999704
0.999706,1.013872,0.995271,1.001963
1.001728,1.006563,0.989560,1.006534
1.005775,1.008007,0.992990,1.003027
1.003599,1.010810,0.974215,1.004746
1.007144,1.011835,0.980734,1.000717
1.001646,1.010594,0.997392,1.001712
1.001653,1.017382,0.995105,1.004113
1.004809,1.006659,0.997119,1.002850
1.003664,1.012757,0.990932,0.992833
0.992640,1.010358,0.990544,0.998629
0.997900,1.009439,0.986339,0.999124
0.998313,1.009898,0.994812,1.003465
1.003164,1.017740,0.995196,1.000793
1.000974,1.005210,0.984243,0.998116
0.997651,1.010043,0.991673,1.008169
1.008434,1.024637,0.991757,1.000327
0.999967,1.006665,0.992738,0.996806
0.996381,1.007819,0.992563,0.999529
0.999949,1.009801,0.981103,1.002719
1.007474,1.010242,0.995801,1.000777
1.000627,1.017168,0.999151,1.007704
1.007741,1.016355,0.999922,1.004804
1.005423,1.012550,0.998736,1.006456
1.006610,1.008432,0.995363,1.000911
1.000545,1.007626,0.979668,0.997692
0.996632,1.012327,0.992264,1.007932
1.007476,1.012527,0.997222,1.004680
1.004840,1.014994,0.995634,1.000312
1.001143,1.009909,0.996553,1.004091
1.004081,1.010014,1.000771,1.007822
1.007178,1.014316,0.992438,1.008123
1.007861,1.018669,0.992734,1.005112
1.003174,1.012035,0.998792,1.008137
1.008938,1.013622,0.998532,1.003478
1.004834,1.013893,0.999206,1.003508
1.003084,1.015310,0.998940,1.006109
1.006190,1.016953,0.997409,1.000856
0.999347,1.017931,0.997407,1.017931
1.014433,1.020867,0.989334,1.002895
1.002014,1.010348,0.994547,1.003764
1.004394,1.007022,0.995313,1.004818
1.005016,1.060485,0.986979,1.001055
1.001340,1.022753,0.971167,0.998364
0.999202,1.007004,0.995873,1.000735
1.000364,1.004168,0.991811,1.000232
0.998232,1.005922,0.990352,0.998860
0.998674,1.018224,0.987918,1.003972
1.002247,1.005910,0.997340,1.000194
1.000192,1.005425,0.991578,1.001590
1.001449,1.011606,0.993936,1.001351
1.001206,1.007009,0.992663,0.996019
0.996403,1.015203,0.994866,0.998948
0.999193,1.012523,0.993109,1.002001
1.002833,1.005760,0.996588,1.002287
1.002100,1.006510,0.995462,1.005538
1.005584,1.015687,0.995415,1.001089
1.000773,1.006557,0.993430,1.003199
1.002892,1.007471,0.993281,0.998008
0.998307,1.007695,0.993241,1.004554
1.004122,1.008108,0.995236,1.001153
1.000832,1.007718,0.998762,1.003355
1.002950,1.004414,0.990978,1.000403
1.000415,1.006363,0.994504,0.998033
0.999601,1.003434,0.985651,1.001121
1.001170,1.035309,0.995870,0.997524
0.996822,1.006564,0.996575,1.000006
1.000351,1.011074,0.992291,1.002509
1.002618,1.014095,0.997171,1.003026
1.003108,1.011467,0.994880,0.999303
0.999394,1.006667,0.995939,1.003014
1.003063,1.008017,0.995836,1.002137
1.002229,1.017034,0.997415,1.003469
1.003716,1.010911,0.988427,1.001436
1.001546,1.012000,0.996897,1.000601
1.000987,1.006264,0.995863,1.003115
1.003289,1.005167,0.999683,1.002078
1.001999,1.009180,0.997682,1.005447
1.005273,1.013039,0.997932,1.002178
1.002145,1.005428,0.998904,1.000333
1.000363,1.003798,0.996361,1.000372
1.000518,1.004340,0.997097,1.002018
1.002053,1.005676,0.993772,0.993829
0.994514,1.006186,0.991450,0.998884
0.998681,1.004663,0.996235,1.001363
1.001778,1.003350,0.990559,0.997925
0.998372,1.003917,0.991883,1.003038
1.002811,1.011746,0.996725,1.000303
1.000235,1.005347,0.992487,1.000102
1.000342,1.007192,0.997472,0.998956
0.998949,1.012604,0.996568,1.004031
1.003929,1.014257,0.989537,1.002515
1.001614,1.007187,0.997045,1.001984
1.001428,1.007680,0.998295,0.999904
0.999646,1.006739,0.997494,1.001561
1.000955,1.020263,0.998709,1.015718
1.015713,1.018317,0.997926,0.999521
0.999756,1.009838,0.995704,1.001078
1.000234,1.005642,0.996846,0.998899
0.998376,1.005783,0.992657,1.000236
1.000510,1.003736,0.990576,0.999207
0.999280,1.003760,0.996045,0.999860
0.999891,1.006737,0.997531,1.003075
1.003049,1.004487,0.992748,0.999986
1.000042,1.003414,0.996743,1.001052
1.000927,1.004931,0.997131,0.998634
0.998290,1.005166,0.994896,0.999552
1.001766,1.005037,0.996849,0.999046
0.998969,1.004457,0.997111,0.999444
0.999073,1.006767,0.997518,0.999980
0.999689,1.004027,0.996454,0.999616
0.999748,1.007184,0.996334,0.998795
0.998669,1.005289,0.994717,0.998352
0.998407,1.004224,0.997018,1.000602
0.999967,1.003540,0.994910,0.998894
0.998895,1.004213,0.990811,1.000877
1.000531,1.003688,0.996425,0.998186
0.998255,1.003818,0.997001,0.998993
0.999502,1.003306,0.996620,0.998062
0.998049,1.009557,0.993857,0.998871
0.998796,1.013799,0.991744,1.001097
0.997672,1.008092,0.995715,1.000854
1.000433,1.008560,0.995656,1.002540
1.002462,1.007224,0.998881,1.001863
1.001382,1.004643,0.997483,1.000141
0.999884,1.003143,0.992579,0.997013
0.996900,1.056373,0.991539,0.997851
0.997868,1.023487,0.993891,1.001414
1.001436,1.007190,0.997384,1.000399
1.000196,1.008507,0.999533,1.003089
1.003039,1.006458,0.999346,1.000175
1.000334,1.015854,0.998067,1.002846
1.002856,1.008658,0.999265,1.000164
0.999828,1.009512,0.998618,1.003170
1.004491,1.018506,0.999212,1.001059
1.000569,1.009408,0.996915,1.003691
1.003745,1.024367,0.995209,1.013791
1.013307,1.023752,0.998415,1.020210
1.021125,1.025900,0.991814,1.001024
1.001003,1.010070,0.998149,1.001032
1.001093,1.008545,0.997908,1.001881
1.001907,1.016629,0.996617,1.000111
1.000096,1.009476,0.997239,1.002720
1.002423,1.009824,0.998800,1.002408
1.002063,1.003447,0.998810,1.000409
1.001182,1.009251,0.997231,1.004549
1.004336,1.009489,0.999059,1.000956
1.001264,1.004265,0.998149,1.002345
1.002641,1.004464,0.998488,1.001976
1.001993,1.013566,0.998970,1.002365
1.002331,1.003726,0.998526,1.001853
1.002745,1.007627,0.996732,1.002206
1.001787,1.004706,0.999367,1.002036
1.001769,1.005098,1.000094,1.002824
1.003571,1.005187,0.998582,1.001173
1.000800,1.005688,0.998818,1.003191
1.003056,1.006176,0.997956,1.003957
1.002854,1.018223,0.997990,1.001828
1.001362,1.029082,0.991620,1.005495
1.007422,1.018914,0.992311,1.003686
1.003649,1.020304,0.993340,1.000151
1.001165,1.006931,0.995432,1.002838
1.002972,1.007879,0.993470,1.000537
1.000079,1.007425,0.990326,1.001025
1.000862,1.006574,0.998093,1.002102
1.001759,1.009916,0.994600,1.001457
1.000978,1.012118,0.992306,1.001517
1.001071,1.013069,0.997937,1.001307
1.001163,1.007473,0.995756,0.999213
0.998951,1.013686,0.993981,1.001289
1.001485,1.006307,0.998797,1.002487
1.002499,1.006826,0.999355,1.003444
1.003811,1.005350,0.999017,1.001878
1.001310,1.017358,0.997177,0.999502
1.001693,1.005516,0.996977,1.002017
1.002247,1.007621,0.996914,1.002654
1.001886,1.008340,0.996663,1.003263
1.003398,1.006741,0.998589,1.001444
1.001483,1.009862,0.995910,1.002652
1.002472,1.005157,0.995470,1.002381
1.002066,1.004900,0.998189,1.002644
1.002149,1.004706,0.997937,1.002689
1.003046,1.007471,0.997330,1.000534
1.000841,1.006621,0.996960,1.002695
1.002696,1.004914,0.998740,1.001193
1.001481,1.004950,0.999323,1.002569
1.002445,1.008835,0.998566,0.999962
1.000000,1.008572,0.996429,1.001953
1.001803,1.006491,1.000141,1.002561
1.002434,1.004871,0.999132,1.001763
1.001922,1.004507,0.997950,1.001419
1.001631,1.006395,0.996538,1.001835
1.001684,1.006026,0.999334,1.000901
1.001056,1.005807,0.994796,1.001632
1.001147,1.001356,1.000774,1.000884
1.000931,1.001261,1.000511,1.000734
1.001103,1.001324,1.000766,1.001007
1.000996,1.001158,1.000686,1.000796
1.000850,1.001113,1.000567,1.001047
1.000920,1.001271,1.000606,1.000697
1.000715,1.000944,1.000603,1.000784
1.000774,1.001068,1.000376,1.000853
1.000784,1.001121,1.000461,1.000985
1.000979,1.002154,1.000742,1.001834
1.001923,1.002003,1.000827,1.001091
1.001069,1.001285,1.000468,1.000657
1.000657,1.001313,1.000631,1.000909
1.000909,1.001287,1.000699,1.000721
1.000721,1.001165,1.000497,1.000958
1.000958,1.000977,1.000183,1.000223
1.000223,1.000550,1.000059,1.000340
1.000340,1.000692,1.000034,1.000349
1.000349,1.001091,1.000160,1.000904
1.000904,1.000921,1.000126,1.000200
1.000200,1.000539,1.000120,1.000379
1.000379,1.000652,1.000094,1.000523
1.000523,1.000772,0.999929,1.000552
1.000552,1.001127,1.000046,1.001079
1.001079,1.001119,1.000376,1.000420
1.000420,1.000805,0.999614,1.000296
1.000296,1.001847,1.000108,1.001576
1.001576,1.001777,1.000454,1.000846
1.000846,1.001397,1.000504,1.000653
1.000653,1.001292,1.000358,1.001127
1.001127,1.001454,1.000797,1.000985
1.000985,1.001436,1.000421,1.000509
1.000509,1.001070,1.000189,1.000345
1.000345,1.000565,0.999305,1.000288
1.000288,1.000811,0.999994,1.000647
1.000647,1.000921,1.000209,1.000412
1.000443,1.000867,0.999833,1.000840
1.000840,1.001341,1.000009,1.000399
1.000399,1.000828,0.999867,1.000781
1.000781,1.000862,1.000212,1.000427
1.000427,1.000499,0.998639,0.998874
0.998874,1.000459,0.998021,0.999203
0.999203,1.000679,0.999058,1.000092
1.000156,1.001083,0.998834,0.999808
0.999805,1.001169,0.999456,1.000053
1.000021,1.002408,0.999624,1.002035
1.001955,1.002112,1.000664,1.001200
1.001181,1.001583,1.000898,1.001001
1.000981,1.001338,1.000599,1.000890
1.000928,1.001167,0.999980,1.000377
1.000369,1.001828,0.999744,1.001323
1.001335,1.001534,1.000244,1.000671
1.000534,1.001201,1.000390,1.000840
1.000829,1.001213,0.999927,1.000237
1.000206,1.000792,0.999982,1.000545
1.000575,1.001291,1.000310,1.001203
1.001191,1.001264,1.000242,1.000571
1.000518,1.000639,0.999504,0.999706
0.999741,1.001281,0.999579,1.000384
1.000375,1.000717,0.999717,1.000253
1.000247,1.000519,0.999685,1.000458
1.000461,1.000933,1.000351,1.000464
1.000450,1.000651,0.999839,0.999952
0.999942,1.000414,0.999649,0.999932
0.999932,1.001132,0.999876,1.000917
1.000918,1.002178,0.997685,0.999979
1.000001,1.000509,0.997718,0.999838
0.999844,1.000938,0.999559,1.000868
1.000873,1.001231,1.000440,1.000499
1.000460,1.000511,0.999514,0.999643
0.999668,1.000198,0.998288,0.999827
0.999928,1.000339,0.998857,0.999641
0.999687,1.000226,0.999074,0.999426
0.999399,1.000010,0.997893,0.999931
0.999909,1.000277,0.999200,1.000168
1.000211,1.000211,0.998318,0.998481
0.998463,0.999145,0.996489,0.998854
0.998833,0.999239,0.997324,0.998603
0.998614,0.999054,0.998371,0.998590
0.998635,1.000400,0.998586,1.000275
1.000291,1.000752,0.999462,1.000598
1.000614,1.002052,1.000608,1.001916
1.001888,1.001991,0.999541,1.000600
1.000427,1.001902,0.999169,1.000514
1.000500,1.002994,0.999430,1.000128
1.000174,1.002832,0.999844,1.002202
1.002229,1.002825,0.999568,1.001528
1.001448,1.002573,0.999070,1.000400
1.000365,1.001178,0.999135,1.000045
1.000014,1.003157,0.999637,1.002947
1.002924,1.002926,0.998540,1.000223
1.000252,1.001090,0.993953,1.000587
1.000592,1.001289,0.999028,1.000414
1.000491,1.001060,0.999226,1.000017
1.000020,1.000870,0.998922,0.998964
0.998977,1.000167,0.998564,0.999845
0.999835,1.001532,0.999424,1.000195
1.000227,1.000723,0.999212,1.000414
1.000412,1.001132,0.999841,1.000804
1.000769,1.002276,1.000092,1.000436
1.000413,1.000855,0.998861,1.000686
1.000697,1.000819,0.998144,0.999696
0.999754,1.001611,0.999260,1.001350
1.001362,1.001907,1.000480,1.000555
1.000555,1.003127,1.000276,1.001417
1.001454,1.002070,0.999651,0.999971
0.999953,1.001826,0.999916,1.001081
1.001102,1.002204,1.000407,1.001764
1.001774,1.002336,1.000886,1.001079
1.001297,1.003223,1.000008,1.000486
1.000483,1.001333,0.999911,1.001243
1.001220,1.001312,1.000262,1.000808
1.000838,1.001162,0.999698,1.000645
1.000645,1.001785,1.000367,1.001427
1.001389,1.002326,1.000786,1.001013
1.000989,1.001532,1.000509,1.000804
1.000788,1.001574,0.999962,1.000131
1.000127,1.002163,1.000068,1.001129
1.001124,1.001482,1.000308,1.001211
1.001241,1.003143,1.000291,1.001044
1.001082,1.002882,1.000438,1.001232
1.001268,1.001703,1.000323,1.000722
1.000701,1.001316,1.000240,1.000367
1.000467,1.001843,1.000150,1.001692
1.001702,1.002065,0.999940,1.000828
1.000803,1.001228,1.000118,1.000746
1.000787,1.000993,0.999694,1.000250
1.000263,1.000596,0.999411,1.000403
1.000341,1.001272,0.999803,1.000370
1.000362,1.000788,0.999531,1.000019
1.000045,1.000698,0.999191,1.000201
1.000228,1.000535,0.999496,1.000068
1.000080,1.000825,0.999766,1.000332
1.000312,1.000473,0.998978,1.000111
1.000168,1.000542,0.997413,1.000032
0.999995,1.000882,0.999538,1.000757
1.000746,1.001207,0.999795,1.000149
1.000075,1.000379,0.998726,0.999994
0.999960,1.001311,0.999374,1.001178
1.001221,1.002484,1.000833,1.002115
1.002087,1.002332,1.000409,1.000409
1.000418,1.001062,1.000292,1.001022
1.001040,1.001099,0.999978,1.000417
1.000398,1.000859,0.999590,1.000074
1.000052,1.000922,0.999839,1.000819
1.000782,1.000951,0.999282,1.000190
1.000127,1.000597,1.000005,1.000318
1.000313,1.000787,1.000141,1.000432
1.000419,1.000842,1.000121,1.000668
1.000681,1.000949,1.000199,1.000526
1.000600,1.000694,0.999932,1.000583
1.000554,1.000699,0.999881,1.000343
1.000362,1.000780,0.999286,0.999845
0.999830,1.000343,0.999474,0.999791
0.999835,1.001019,0.999406,1.000374
1.000359,1.000723,0.999216,1.000058
1.000037,1.002317,0.999083,0.999083
0.999031,1.001469,0.998700,1.000925
1.000968,1.004073,1.000395,1.002632
1.002766,1.004104,1.001610,1.002230
1.002264,1.002932,0.999538,1.001280
1.001136,1.004059,0.998955,1.001811
1.001811,1.002444,1.000365,1.001195
1.001024,1.002320,0.999719,1.001301
1.001242,1.001534,0.999725,1.001016
1.001033,1.002559,0.999560,1.001222
1.001286,1.001934,0.999872,1.000601
1.000503,1.002413,1.000082,1.000607
1.000639,1.000676,0.999259,0.999759
0.999804,1.001000,0.999005,1.000896
1.000816,1.002453,0.999378,1.000020
0.999983,1.001545,0.999715,1.000464
1.000615,1.002324,0.998423,1.000576
1.000508,1.003261,0.998047,1.003085
1.003145,1.011516,1.001082,1.003402
1.003438,1.004851,0.999786,1.000254
1.000106,1.002012,0.999524,1.001680
1.001607,1.002589,1.000370,1.001855
1.001883,1.001883,1.000144,1.000167
1.000660,1.001754,1.000242,1.001098
1.001109,1.002159,0.997404,1.000469
1.000524,1.002583,0.998694,1.002177
1.002161,1.002235,0.998941,0.999937
1.000019,1.001296,0.998829,0.999275
0.999235,1.002643,0.999012,1.001590
1.001496,1.003696,1.000508,1.000877
1.001086,1.003915,1.000093,1.002345
1.002434,1.011868,0.999549,1.011530
1.011404,1.028045,0.999800,1.000104
0.999953,1.000200,0.999800,0.999865
0.999936,1.000200,0.999801,0.999938
1.000092,1.000200,0.999802,0.999932
0.999944,1.000199,0.999800,1.000090
0.999946,1.000200,0.999801,1.000162
1.000138,1.000199,0.999800,0.999909
1.000136,1.000200,0.999800,0.999934
1.000155,1.000200,0.999800,1.000042
0.999841,1.000200,0.999800,1.000062
1.000163,1.000200,0.999801,1.000052
0.999814,1.000199,0.999801,0.999966
1.000044,1.000200,0.999800,1.000009
0.999871,1.000200,0.999800,1.000111
0.999912,1.000200,0.999800,1.000132
0.999959,1.000200,0.999800,1.000165
0.999931,1.000199,0.999800,0.999951
0.999983,1.000199,0.999800,0.999875
1.000069,1.000200,0.999800,1.000169
1.000048,1.000200,0.999800,1.000166
0.999949,1.000200,0.999800,1.000078
1.000168,1.000200,0.999801,1.000058
0.999801,1.000199,0.999800,1.000137
0.999813,1.000200,0.999800,0.999967
1.000067,1.000200,0.999800,0.999993
0.999920,1.000200,0.999801,0.999868
1.000096,1.000200,0.999800,0.999965
0.999960,1.000200,0.999801,0.999823
1.000124,1.000199,0.999801,0.999975
0.999851,1.000200,0.999800,0.999802
0.999983,1.001995,0.999802,1.000680
1.000620,1.001999,0.998628,1.001616
1.001725,1.001996,1.000888,1.001852
1.001907,1.002000,1.000956,1.001888
1.001962,1.001997,1.000658,1.001555
1.001569,1.001996,1.000445,1.001674
1.001623,1.001998,1.001029,1.001472
1.001424,1.002000,1.001010,1.001149
1.001113,1.001999,1.000809,1.001766
1.001789,1.001999,1.000698,1.000991
1.000907,1.001672,1.000344,1.000481
1.000500,1.001172,1.000086,1.000392
1.000372,1.000821,0.999650,1.000063
0.999986,1.001268,0.999965,1.000533
1.000478,1.001066,0.999739,1.000109
1.000071,1.000852,0.999760,1.000550
1.000365,1.000927,0.999980,1.000571
1.000455,1.001472,1.000089,1.001038
1.001146,1.001625,1.000086,1.000313
1.000470,1.001021,1.000279,1.000840
1.000853,1.001216,0.999914,1.000789
1.000729,1.001634,1.000399,1.001190
1.001213,1.001559,1.000231,1.000572
1.000532,1.001039,1.000165,1.000738
1.000764,1.000998,0.999946,1.000511
1.000485,1.001211,1.000096,1.001140
1.001137,1.001292,0.999569,0.999733
0.999695,1.000782,0.999617,1.000626
1.000465,1.010425,0.999743,1.000377
1.000388,1.000911,0.999388,1.000023
1.000024,1.000675,0.999822,1.000388